id,text
0,Cuadrilla files to delay application to frack in Lancashire
1,Royal Mail chairman Donald Brydon set to step down
2,UPDATE 2-EasyJet sees better first half on lower fuel bill
3,Slump in Weir leads FTSE down from record high
4,AstraZeneca wins FDA approval for key new lung cancer pill
5,Sainsbury chief warns of squeeze on high street retailers
6,UPDATE 1-Lloyds to cut 945 jobs as part of 3-year restructuring plan
7,Primark plots expansion in US and Europe
8,Standard Chartered Shifts Emerging-Markets Strategy After Losses
9,Barclays fined for anti-money-laundering failings
10,UPDATE 3-Barclays fined for lax crime checks in 'deal of century'
11,Easyjet targets business travellers with new perks
12,AstraZeneca's Lung Cancer Drug Tagrisso Gets FDA Approval
13,GSK aims to file up to 20 new drugs for approval by 2020
14,Severn Trent share price rises as first half profit inches up as customer ...
15,Prudential knocked after investors withdraw Â£3.9bn from M&G
16,CompaniesUnited Utilities H1 profits just miss expectations
17,Glencore sees Tripoli-based NOC as sole legal seller of Libyan oil
18,Lloyds to cut 945 jobs as part of three-year restructuring strategy
19,AstraZeneca to Buy ZS Pharma for $2.7 Billion
20,AstraZeneca to Buy ZS Pharma for $2.7 Billion
21,"Ackman, in email, says supports Valeant CEO Pearson"
22,Severn Trent profit up as customer complaints fall
23,Experian says receives class actions related to T-Mobile breach
24,AstraZeneca sells US drug rights to Perrigo for $380 mln
25,AstraZeneca sells US drug rights to Perrigo for $380 mln
26,Landlord Hammerson's NAV rises on increased leasing activity
27,CompaniesNational Grid lines up sale of gas business
28,"UPDATE 1-AstraZeneca buys ZS Pharma for $2.7 billion, pips Actelion"
29,"UPDATE 1-AstraZeneca buys ZS Pharma for $2.7 billion, pips Actelion"
30,CORRECTED-Shire to buy Dyax for about $5.9 bln
31,CORRECTED-Shire to buy Dyax for about $5.9 bln
32,British American Tobacco accused of bribing senior politicians to sabotage ...
33,"UPDATE 2-AB InBev launches SAB bid, to sell MillerCoors stake"
34,Germany lags European share rally as Volkswagen scandal widens
35,AstraZeneca Acquires ZS Pharma in $2.7 Billion Deal
36,AstraZeneca Acquires ZS Pharma in $2.7 Billion Deal
37,AstraZeneca shares climb 3% as drug maker ups profits forecasts
38,Peroni and Grolsch put up for sale as AB InBev plans acquisition of SABMiller
39,Peroni and Grolsch put up for sale as AB InBev plans acquisition of SABMiller
40,Randgold Resources third quarter profit slips despite record production
41,easyJet expects resilient demand to withstand security fears
42,Compass Group says positive for year ahead
43,"Associated British Foods Profit Hit by Strong Sterling, Tough Sugar Business"
44,Prudential hit by withdrawals from M&G investment arm
45,Bunzl Lifts Dividend Again As Acquisitions Continue To Boost Profits
46,BAE Systems cuts earnings target for 2015 and 370 jobs
47,US dollar wipes out sales gains for SABMiller
48,"UPDATE 1-SABMiller 2nd-quarter underlying sales rise, forex impacts margins"
49,"AB InBev launches SAB bid, to sell MillerCoors stake"
50,Barclays settles with US investors over Libor manipulation
51,UPDATE 2-Pricey beers lift SABMiller's quarterly underlying sales
52,Valeant CEO Pledges to Heed Critics After `Painful' Experience
53,"Are Aviva plc, Direct Line Insurance Group PLC And Admiral Group plc Set To Soar?"
54,"Are Aviva plc, Direct Line Insurance Group PLC And Admiral Group plc Set To Soar?"
55,"Are Aviva plc, Direct Line Insurance Group PLC And Admiral Group plc Set To Soar?"
56,StanChart and RBS struggle in Bank of England stress tests
57,StanChart and RBS struggle in Bank of England stress tests
58,"Bunzl backs 2015 view, buys more businesses"
59,REFILE-UPDATE 4-Britain's Lloyds to pay first dividend since rescue
60,Standard Chartered may see white knight takeover on painful recovery: CLSA
61,Barclays sells benchmark indices unit to Bloomberg
62,Barclays sells benchmark indices unit to Bloomberg
63,L&G strikes Â£230m bulk annuity deal
64,"Sainsbury's, Asda, Tesco and Morrisons will all cut petrol prices as oil falls ..."
65,"Sainsbury's, Asda, Tesco and Morrisons will all cut petrol prices as oil falls ..."
66,"Sainsbury's, Asda, Tesco and Morrisons will all cut petrol prices as oil falls ..."
67,"Sainsbury's, Asda, Tesco and Morrisons will all cut petrol prices as oil falls ..."
68,StanChart may see white knight takeover on painful recovery - CLSA
69,"EU drops Shell, BP, Statoil from ethanol benchmark investigation"
70,"EU drops Shell, BP, Statoil from ethanol benchmark investigation"
71,"EU drops Shell, BP, Statoil from ethanol benchmark investigation"
72,CompaniesMorrison evicted from FTSE 100 as Worldpay joins
73,Bloomberg buys Barclays' benchmarking business
74,Barclays in $13.75 million US settlement over mutual funds
75,CompaniesLord Livingston joins Dixons Carphone
76,Tesco UK personnel director quits supermarket
77,AstraZeneca Explores Potential Deal With Acerta for Cancer Drug
78,AstraZeneca Explores Potential Deal With Acerta for Cancer Drug
79,Companies Severn Trent expects costs hit from inflation
80,Lawmakers worry AB InBev beer deal will hurt craft brewers
81,Companies raise less money on London Stock Exchange in 2015
82,Clydesdale and Yorkshire moves closer to independence
83,Clydesdale and Yorkshire moves closer to independence
84,Brazil Vale says will appeal ruling to block assets for dam burst
85,BP set to cut hundreds of jobs at North Sea operations
86,Buffett Embarrassed by 'Thumb-Sucking' on Exit of Tesco Stake
87,Shell Opens Natural Gas Wells Off Irish Coast
88,GlaxoSmithKline acquires HIV assets
89,BHP Billiton to lower copper production costs
90,US DOJ antitrust unit subpoenas Mylan over pricing of doxycycline
91,AstraZeneca chases Acerta to secure next cancer drug winner
92,AstraZeneca chases Acerta to secure next cancer drug winner
93,Tesco investors non-plussed by John Allan as chairman - he's no Archie Norman ...
94,CompaniesTesco off to a bad start over Xmas â€“ Kantar
95,AstraZeneca in Talks to Buy Cancer Drug Developer Acerta Pharma
96,Royal Mail Fined Â£40m After French Probe
97,"DBS, Julius Baer emerge as potential bidders for Barclays Asia wealth unit ..."
98,"DBS, Julius Baer emerge as potential bidders for Barclays Asia wealth unit ..."
99,Why AstraZeneca plc & Dixons Carphone PLC Are Red-Hot Growth Stars!
100,Why AstraZeneca plc & Dixons Carphone PLC Are Red-Hot Growth Stars!
101,BBCN Bancorp to buy Wilshire Bancorp in $1 bln deal
102,BBCN Bancorp to buy Wilshire Bancorp in $1 bln deal
103,ITV share price jumps on report of Comcast's NBCUniversal bidding to takeover ...
104,ITV share price jumps on report of Comcast's NBCUniversal bidding to takeover ...
105,Osborne extends Lloyds sell-off plan
106,FTSE boosted by Dixons Carphone with Fed in focus
107,Industry NewsBarclays to 'cut investment bank staff by another 20%'
108,"RBS Investment Bank to Return to Profit After Overhaul, CEO Says"
109,BHP's iron ore outlook holds little cheer for small miners
110,Exclusive - StanChart axes senior bankers in energy M&A team: sources
111,Glencore Studies Possible IPO for Agricultural Trading Business
112,Can Christmas Save Sainsbury's plc And Tesco plc?
113,Can Christmas Save Sainsbury's plc And Tesco plc?
114,UPDATE 1-AstraZeneca boosts respiratory unit with $575 mln Takeda deal
115,UPDATE 1-AstraZeneca boosts respiratory unit with $575 mln Takeda deal
116,How Lloyds Banking Group PLC Could Double Your Money By 2018
117,ITV merger reports boost Footsie stocks
118,Che Banca! CEO says Barclays buy to lift profit from 2016-17
119,UK Christmas power demand to be lowest in 16 years â€“ National Grid
120,Bilfinger Industrial Services win Â£100m BP contract extension
121,Bilfinger Industrial Services win Â£100m BP contract extension
122,"Standard Chartered, RBS Escape Capital Raising in Stress Test"
123,"Standard Chartered, RBS Escape Capital Raising in Stress Test"
124,Pfizer to cut 120 jobs with closure of Cambridge R&D centre
125,Lloyds wins right to buy bonds back early to save 1 billion pounds
126,UPDATE 3-Barclays sells Italian branches to Mediobanca at a loss
127,AstraZeneca weighing up Acerta bid to secure blood cancer drug
128,AstraZeneca weighing up Acerta bid to secure blood cancer drug
129,GlaxoSmithKline set to complete $20 billion Novartis asset swap next week
130,GlaxoSmithKline set to complete $20 billion Novartis asset swap next week
131,Sir Ken Morrison has taken a Â£6m stake in rival Sainsbury's
132,2 Turnaround Buys For 2016? BHP Billiton plc And Home Retail Group Plc
133,2 Turnaround Buys For 2016? BHP Billiton plc And Home Retail Group Plc
134,L&G completes UK's largest medically underwritten bulk pension risk deal
135,Glencore increases debt reduction and cuts spending
136,Meggitt share price tumbles as profit falls in 'challenging year'
137,Drugmaker Shire to buy Baxalta for $32 billion after 6-month pursuit
138,Drugmaker Shire to buy Baxalta for $32 billion after 6-month pursuit
139,Early victory for new CEO as Morrisons beats forecasts
140,Kingfisher share price slides on cost to implement new strategy
141,CompaniesKingfisher sliding despite promise of Â£600m capital return
142,Shire says internal synergy goals from Baxalta deal higher
143,Shire says internal synergy goals from Baxalta deal higher
144,Shell's profits hit by further slide in oil prices
145,AO World shares tumble on profit warning
146,"European shares plunge, roiled by BHP and oil; hopes turn to ECB"
147,BP to slash 4000 jobs globally as oil prices drop
148,UK supermarket group Morrisons cuts fresh food prices
149,Shropshire and Mid Wales trains to be hit again in new strike by Arriva drivers
150,Shropshire and Mid Wales trains to be hit again in new strike by Arriva drivers
151,Morrisons and Debenhams surprise City with Christmas bounce back
152,Morrisons and Debenhams surprise City with Christmas bounce back
153,Direct Line expects claims of Â£110-140 million from three storms
154,RBS Shares Drop After Surprise Pension Charge Cuts Capital
155,Aberdeen sees more investors pull cash in the December quarter
156,StanLife leads FTSE after strong earnings
157,"Britain's FTSE falls back with Ashtead, commodities under pressure"
158,Tesco shares jump 6% after Christmas sales beat expectations
159,"BHP Billiton half-year profit falls, beats forecasts"
160,CompaniesHome Retail trims gains but is considered 'in play'
161,Sainsbury's pressed to raise bid for Home Retail Group
162,Philippines' San Miguel says to partner with Kirin if it bids for SABMiller's ...
163,Philippines' San Miguel says to partner with Kirin if it bids for SABMiller's ...
164,Philippines' San Miguel says to partner with Kirin if it bids for SABMiller's ...
165,Investors Remain Skeptical About Shell-BG Deal
166,Investors Remain Skeptical About Shell-BG Deal
167,Tesco is torn apart as watchdog finds supermarket repeatedly withheld payments from suppliers
168,UK regulators license BAT e-cigarette as quit-smoking medicine
169,MarketsShire up 2.5% and Baxalta up 6% on $32bn deal
170,MarketsShire up 2.5% and Baxalta up 6% on $32bn deal
171,SunRay Cuts Jobs as New Hampshire Reaches Cap on Solar Incentive
172,No pay hikes this year at Rio Tinto as mining slump bites
173,Diageo offloads major wine interests
174,Shire share price under pressure after $32bn Baxalta deal
175,Shire share price under pressure after $32bn Baxalta deal
176,"Prudential capital ratio beats forecasts, confirms UK head"
177,U.S. Oil-Worker Strike Reaches BP Plants With Talks on Hold
178,SSE faces profiteering accusations despite 5.3% cut in gas charges
179,Trading ExpertBROKER RECOMMENDATIONSUBS ups RBS to 'buy' as it re-initiates coverage on UK banks
180,Shares in BAE Systems hit 10-month high on rating upgrade
181,Japan's Asahi to submit bid next week for SABMiller's Grolsch and Peroni - Yomiuri
182,Japan's Asahi to submit bid next week for SABMiller's Grolsch and Peroni - Yomiuri
183,Why I Would Put J Sainsbury plc In My Trolley Before Wm Morrison Supermarkets ...
184,Trading ExpertBROKER RECOMMENDATIONSAnalysts mostly negative on Aberdeen but some see value
185,CompaniesDixons Carphone to close 134 UK stores as sales jump
186,Should You Buy Royal Dutch Shell Plc After Its Q4 'Update'?
187,LPC-Glencore launches refinancing of US$8.45bn loan
188,Glencore launches refinancing of credit line
189,UPDATE 1-LPC-Glencore launches refinancing of US$8.45bn loan
190,LPC-Glencore launches refinancing of $8.45billion loan
191,RBS breaks with past by tearing investment bank apart
192,Shell share price: Standard Life announce position against BG acquisition
193,Shell share price: Standard Life announce position against BG acquisition
194,Shell share price: Standard Life announce position against BG acquisition
195,Tesco share price down as grocer faces SFO investigation outcome
196,"Britain's FTSE outperforms Europe, Royal Mail and Tesco rise"
197,"Britain's FTSE outperforms Europe, Royal Mail and Tesco rise"
198,"Barclays, Deutsche Bank Fight to Lift Profit Just Got Harder"
199,"Barclays, Deutsche Bank Fight to Lift Profit Just Got Harder"
200,Unilever returns to Cuba in joint venture with state
201,Unilever head's resignation sparks spinoff talk
202,Standard Chartered CEO Peter Sands to Resign After Unrest at Bank
203,Smith & Nephew 2015 trading profit beats expectations
204,Greene King's third quarter sales boosted by festive season
205,Randgold Resources Q4 Profit Decreases - Quick Facts
206,CompaniesPetrofac earnings battered by North Sea project losses
207,BT Group's third quarter revenues rise as restructure unveiled
208,Indy future in doubt as Johnston Press lines up deal for 'i'
209,BP shares tumble after $2.2bn fourth-quarter loss
210,ARM Royalties Accelerate as Smartphone Market Regains Strength
211,BHP Billiton says no settlement yet on Brazil dam disaster
212,Hargreaves Landown slides on trading update
213,Glencore shares hit 3-month high after refinancing key credit line
214,BP reports biggest ever annual loss
215,AstraZeneca says new lung cancer pill Tagrisso approved by EU
216,InterContinental Hotels Group share price climbs on $1.5bn special dividend
217,Amazon to attack UK grocery market with Morrisons deal
218,Amazon to attack UK grocery market with Morrisons deal
219,Warren Buffett's Berkshire Hathaway quarterly profit jumps almost one third
220,Genel Shares Plunge After Tony Hayward's Oil Explorer Cuts Crude Reserves at Core Field
221,AstraZeneca share price: Acerta deal pays off with orphan drug status
222,AstraZeneca share price: Acerta deal pays off with orphan drug status
223,"BHP Billiton posts big loss, slashes dividend"
224,"Should You Buy Jumbo Yielders British American Tobacco plc, Centrica PLC & John Wood Group PLC?"
225,"Should You Buy Jumbo Yielders British American Tobacco plc, Centrica PLC & John Wood Group PLC?"
226,"Should You Buy Jumbo Yielders British American Tobacco plc, Centrica PLC & John Wood Group PLC?"
227,AstraZeneca agrees licensing deal for Plendil in China
228,Glencore posts 5.7 pct fall in Q4 copper output
229,ARM shrugs off smartphone slowdown as newer designs win share
230,"UPDATE 1-BP reports worst annual loss in at least 20 years, cuts more jobs"
231,Glaxo Sees Hope for Respiratory Drugs as Earnings Beat Estimates
232,"Glencore to refinance its short-term debt early, shares rise"
233,Is Trouble Brewing At Legal & General Group Plc And Aviva plc?
234,Is Trouble Brewing At Legal & General Group Plc And Aviva plc?
235,BHP Billiton drags FTSE lower after slashing dividend
236,"BHP Billiton slashes dividend, posts $5.67 billion net loss"
237,CompaniesMeggitt profits hit by weak energy and military markets
238,Royal Mail share price edges lower as group raises stamp price
239,"Glencore Cuts 2015 Budget, Plans To Divest From Lonmin"
240,"Glencore Cuts 2015 Budget, Plans To Divest From Lonmin"
241,"Industry NewsRevenue, earnings take a tumble at Weir Group"
242,"Rio Tinto swings to loss, drops dividend policy"
243,France raises concerns over proposed LSE-Deutsche Boerse deal
244,France raises concerns over proposed LSE-Deutsche Boerse deal
245,BAE Systems banks on US defence spending to fix sales slide
246,HSBC Posts Surprise Fourth-Quarter Pretax Loss of $858 Million
247,MarketsBP promotes upstream boss to deputy CEO
248,Legal & General share price: Finance chief to step down
249,CompaniesAstraZeneca shares hit as 2016 revenue forecast to fall
250,Lloyds Banking Group reports 7% dip in annual profits
251,UPDATE 3-Buffett's Berkshire raises oil bet with Kinder Morgan stake
252,Associated British Foods raises guidance as sterling wilts
253,Centrica urges policy overhaul as it warns of 'looming gap' in UK energy supplies
254,Arm profits and sales up as shift away from mobile gains pace
255,CompaniesGlencore shares hit 3-month high after refinancing key credit line
256,CompaniesCoutts raids JPMorgan Chase for new CEO
257,"FastJet slams EasyJet founder Stelios for going public, is taking legal advice"" over letter about contractual ..."""
258,NYSE owner ICE considers offer for LSE
259,NYSE owner ICE considers offer for LSE
260,Admiral and Schroders lift FTSE with profits surge
261,News FeedFTSE 100 movers: LSE surges as ICE says mulling offer; Ashtead and Barclays tank
262,News FeedFTSE 100 movers: LSE surges as ICE says mulling offer; Ashtead and Barclays tank
263,News FeedFTSE 100 movers: LSE surges as ICE says mulling offer; Ashtead and Barclays tank
264,News FeedFTSE 100 movers: LSE surges as ICE says mulling offer; Ashtead and Barclays tank
265,London Stock Exchange boosts FTSE on new bid hopes
266,Balfour Beatty plc Set To Reinstate Dividend (And Rival National Grid plc And Centrica PLC Once More?)
267,Balfour Beatty plc Set To Reinstate Dividend (And Rival National Grid plc And Centrica PLC Once More?)
268,Balfour Beatty plc Set To Reinstate Dividend (And Rival National Grid plc And Centrica PLC Once More?)
269,"Britain's FTSE buoyed by Admiral, building sector gains"
270,Legal & General's capital update outweighs profit rise
271,Industry NewsStrong results at Travis Perkins marred by plumbing impairment
272,Intertek swings to Â£347 mln loss on oil's slump
273,GlaxoSmithKline's CEO Witty to bow out in March 2017
274,"Militants fire rockets at Algerian BP/Statoil gas plant, no casualties"
275,"Militants fire rockets at Algerian BP/Statoil gas plant, no casualties"
276,Britain's FTSE advances as investors cheer Kingfisher results
277,Tesco breaks its downward slide by cutting sales decline in half
278,BP ends 27-year sponsorship of Tate as falling oil price takes toll
279,"News FeedSchroders books solid earnings growth, several board changes"
280,London Stock Exchange seals Â£22 billion merger with Germany's Deutsche BÃ¶rse
281,London Stock Exchange seals Â£22 billion merger with Germany's Deutsche BÃ¶rse
282,Tullow Oil Suspends Dividend Amid Oil Price Fall
283,AB InBev to Sell SABMiller Stake in China's Snow Beer
284,AB InBev to Sell SABMiller Stake in China's Snow Beer
285,LSE-Deutsche Boerse merger would signal end to exchange mega-deals
286,LSE-Deutsche Boerse merger would signal end to exchange mega-deals
287,"Can Standard Chartered PLC, BP plc & Burberry Group plc Keep Charging?"
288,Closely watched AstraZeneca cancer drug fails in mesothelioma
289,CompaniesSanofi poaches immunology expert from AstraZeneca
290,Barclays To Pay Ousted Boss Â£500000 Bonus
291,Clinigen chosen by AstraZeneca to manage access programme for next ...
292,Dividends Unleashed At Royal Bank of Scotland Group plc
293,US subpoenas Volkswagen under bank fraud law in emissions probe: source
294,Shell CEO van Beurden's remuneration fell in 2015
295,Aviva posts forecast-beating 2015 operating profit of $3.8 bln
296,Industry NewsWolseley confident in reslilience amid mixed markets
297,HSBC money laundering report's release delayed amid US appeal
298,Old Mutual share price: Wealth unit seen as blue-chip company
299,Standout performer' JS Jacques picked to lead Rio Tinto
300,BP's fine for 2010 oil spill capped at $13.7 billion
301,"Britain's FTSE steadies below record high, BHP gains"
302,Italy Probes Shell's Role in Purchase of Nigerian Oil Block
303,Barclays reports 8% fall in annual profits
304,Tesco criticised for 'disgraceful' advert showing domestic worker being slapped
305,"Glencore swings to loss, will sell more assets"
306,US urges final approval of $20 billion BP oil spill pact
307,FTSE edges up as investors cheer Kingfisher results
308,CompaniesMetro Bank raises Â£400m ahead of London listing
309,Berkshire Hathaway's 4Q profit declines 17 percent
310,Barclays Bonds Rise as Lender Cuts Dividends to Shore Up Capital
311,Sports Direct boss Mike Ashley summoned to Westminster for questioning over the treatment of workers
312,Britain's FTSE gets lift from Prudential results
313,Aggreko says first half profits will be lower as the oil price rout claims its latest victim
314,Novo Nordisk and AstraZeneca seek tonic from key drug trials
315,Novo Nordisk and AstraZeneca seek tonic from key drug trials
316,Amazon's grocery deal with Morrisons is only the beginning
317,Amazon's grocery deal with Morrisons is only the beginning
318,Industry NewsWhitbread sales sink in fourth quarter on Costa slowdown
319,Industry NewsWhitbread sales sink in fourth quarter on Costa slowdown
320,Industry NewsPetrofac secures $250m North Sea contract
321,"Oil majors like Royal Dutch Shell, Chevron, BP fail to find reserves to counter ..."
322,"Oil majors like Royal Dutch Shell, Chevron, BP fail to find reserves to counter ..."
323,"Oil majors like Royal Dutch Shell, Chevron, BP fail to find reserves to counter ..."
324,Reaching New Depths: Glencore's $5bn Loss
325,"Old Mutual to split up, may list some businesses"
326,ICE Said to Start Lining Up Financing for LSE Bidding War
327,ICE Said to Start Lining Up Financing for LSE Bidding War
328,"BP, Statoil, to Withdraw Staff From Algeria Following Rocket Attack"
329,"BP, Statoil, to Withdraw Staff From Algeria Following Rocket Attack"
330,Kingfisher share price: FY statutory pre-tax profit falls 20.5%
331,WPP Chief Projects Tough Ad Market as Customers Avoid Risks
332,Merkel's Government Said to Support Deutsche Boerse-LSE Merger
333,Merkel's Government Said to Support Deutsche Boerse-LSE Merger
334,Who will make the perfect match in Morrisons' bizarre love triangle?
335,Aggreko 2015 Profit Declines - Quick Facts
336,Big account wins keep ad group WPP at front of pack
337,Aviva weighs cash handout after beating profit forecast
338,"WPP, World's Largest Ad Agency, Reports Strong 2015 Growth"
339,UPDATE 1-Britain's Tullow says makes new oil find in Kenya
340,Bunzl delivers small profit increase for 2014
341,"Saudi Aramco, Shell plan to break up Motiva, divide up assets"
342,"Saudi Aramco, Shell plan to break up Motiva, divide up assets"
343,AstraZeneca sells US gout drug rights to Ironwood for up to $265 million
344,AB InBev to sell more SAB assets as seeks EU deal approval
345,AB InBev to sell more SAB assets as seeks EU deal approval
346,AstraZeneca share price: Company to carve out antibiotic R&D unit into separate ...
347,BP sees Q1 earnings slide as low oil prices take their toll
348,UK builders' merchant Travis Perkins reports strong start to year
349,Tesco's Sales Pickup Isn't Enough
350,BP Reports $583 Million Loss in First Quarter
351,Dyson Wants to Create a Hair Dryer Revolution
352,AB InBev offers to sell some SABMiller brands
353,Banco BPI Says Deal for Angolan Unit Has Collapsed
354,Glencore sells agri unit stake for $2.5 billion to Canadian pension fund
355,Spain's CaixaBank Expects To Close Deal For Banco BPI
356,Spain's CaixaBank Expects To Close Deal For Banco BPI
357,ITV share price: Group mulls takeover of Canada's Entertainment One
358,ITV share price: Group mulls takeover of Canada's Entertainment One
359,AstraZeneca to cut costs but stays silent on M&A talk
360,Barclays in Talks With AnaCap to Sell French Consumer Operations
361,Entertainment One dispels ITV takeover rumours
362,Tesco loses two more directors as Garfield and Tammenoms step down
363,Glencore Sells $2.5 Billion Stake in Agriculture Unit
364,CommentOpening Quote: Tesco; Premier Foods jilted; FCA on IPOs
365,GE to Sell Majority Stake in Bank BPH's Core Bank to Alior Bank
366,GE to Sell Majority Stake in Bank BPH's Core Bank to Alior Bank
367,GE to Sell Majority Stake in Bank BPH's Core Bank to Alior Bank
368,Tata Steel working with StanChart for UK unit sale - source
369,Tata Steel working with StanChart for UK unit sale - source
370,CompaniesSmiths Group buys $710m US security system maker
371,The Latest: Buffett says cuts will pay off at Kraft Heinz
372,Standard Life impresses as fee-based products offset annuities slump
373,Shire share price: Investors stage rebellion over executive pay
374,"Schroders assets hit record in Q1, buoyed by institutional inflows"
375,Centrica suffers protest from shareholders over pay
376,FCA bans former RBS Libor submitter
377,Easyjet traffic hit by air traffic controller strikes and terrorism
378,Crown Castle buys Tower Development Corp for $461 million
379,Crown Castle buys Tower Development Corp for $461 million
380,Deals Help Shrink Glencore's Mountain of Debt
381,Former Barclays traders stand trial in Libor case
382,Reed Elsevier shares cool after profit dip
383,Glencore sells agriculture stake for $2.5bn
384,Tesco sells half of stake in ecommerce site Lazada to Alibaba for Â£90m
385,Tesco sells half of stake in ecommerce site Lazada to Alibaba for Â£90m
386,Tesco sells half of stake in ecommerce site Lazada to Alibaba for Â£90m
387,Britain's FTSE slips from 2016 high as Sky falls
388,"CaixaBank, dos Santos Agree on Plan for BPI Angola Exposure"
389,"CaixaBank, dos Santos Agree on Plan for BPI Angola Exposure"
390,Lloyds is cutting more than 600 jobs and shutting 21 branches
391,Glencore Agrees to Sell Minority Stake in Agriculture Business
392,"BPI Says Caixabank, Isabel dos Santos Reach Agreement Over Angola Exposure"
393,"BPI Says Caixabank, Isabel dos Santos Reach Agreement Over Angola Exposure"
394,Diageo and Carlsberg hit as Russians suffer from oil price collapse and rouble ...
395,Diageo and Carlsberg hit as Russians suffer from oil price collapse and rouble ...
396,News FeedFTSE 100 movers: Standard Chartered lifted while AstraZeneca sinks
397,News FeedFTSE 100 movers: Standard Chartered lifted while AstraZeneca sinks
398,Spain's Caixabank launches new takeover bid for Banco BPI
399,Spain's Caixabank launches new takeover bid for Banco BPI
400,"Tesco returns to profit, but City demands more"
401,"GlaxoSmithKline rebound gathering pace, says outgoing CEO"
402,"Despite sales growth, UK's Tesco cautions recovery to be bumpy"
403,ITV to pursue takeover of Canada's Entertainment One: Bloomberg
404,ITV to pursue takeover of Canada's Entertainment One: Bloomberg
405,Domino's Pizza worker sacked after crude slur aimed at customer on order screen
406,Bob Dudley's 20% pay rise at BP is a bit rich
407,BP chairman defends CEO Bob Dudley's pay increase
408,Papers- ITV eyeing Peppa Pig
409,BP pay boss feels the heat from revolt over Dudley's Â£14 million
410,Shire Sees Baxalta Deal Closing as Expected After New Rules
411,Shire Sees Baxalta Deal Closing as Expected After New Rules
412,"OCBC to Buy Barclay's Wealth Management Unit in Singapore, Hong Kong"
413,"OCBC to Buy Barclay's Wealth Management Unit in Singapore, Hong Kong"
414,Retail focus helps to shield Lloyds from banking chill
415,Weir Group says first-half profits will be 'slightly ahead' of expectations
416,Barclays backs new iPhone and Android app that lets users send each other money using a bitcoin network
417,UPDATE 1-Valeant asks CEO Pearson to cooperate with US Senate committee
418,RBS share price: Group plans to slash 600 jobs
419,"Profits drop six per cent at Lloyds Banking Group, beating analysts' expectations"
420,Standard Chartered lags on capital worries
421,Lloyds Banking Group's share price lifts amid reports bank is poised to axe hundreds of UK jobs
422,Standard Life share price: Group gets approval to hike stake in India JV
423,CommentOpening Quote: pay day moans; profits slump for Lloyds; Mars mission
424,Volumes up and turnover down at Unilever
425,AstraZeneca investment eats into profit
426,CompaniesCentrica shares drop 7% amid capital raise
427,United Utilities FY profit up 3.5%; to boost capex
428,CompaniesITV: Brexit jitters weighing on advertising
429,CompaniesCompass serves up half year profit rise
430,Should You Follow Berkshire Hathaway Into Apple Stock?
431,Should You Follow Berkshire Hathaway Into Apple Stock?
432,"EasyJet Sneakairs"": Airline is testing smart shoes to help customers explore destinations"""
433,Currency causes full-year headaches for SABMiller
434,National Grid's pretax profit rises 15 percent
435,CompaniesRoyal Mail revenues drop despite boost in parcels
436,UPDATE 1-AstraZeneca potassium drug delayed by manufacturing snag
437,Rio Approves $5.3 Billion Oyu Tolgoi Copper Mine Expansion
438,GlaxoSmithKline hails progress with lung disease treatment
439,Morrisons book second consecutive quarter of sales growth
440,Royal Mail gets mixed bag from Ofcom postal regulation report
441,UPDATE 3-Ex-Barclays director accused by US of illegal tips to plumber
442,Standard Life share price: Insurer buys advice firm Pearson Jones
443,Standard Life share price: Insurer buys advice firm Pearson Jones
444,"EU regulators clear $100 billion-plus AB InBev, SABMiller deal"
445,"EU regulators clear $100 billion-plus AB InBev, SABMiller deal"
446,Standard Life Elevates
447,National Grid profit up 15%; gas sale on track
448,Ex-Barclays Trader in Libor Case Says Boss Hit Him With Bat
449,Ex-Barclays Trader Johnson Pleaded Guilty to Libor Fixing
450,Retail giant Kingfisher reports 'solid' start to the year
451,RBS set to close two branches in the region this August
452,Exxon Beaumont CDU overhaul to be slowed by accident: sources
453,BP's head of exploration Richard Herbert departs
454,CompaniesG4S claims 'positive' start to the year
455,Shell CEO warns renewables shift could spell end if too swift
456,Greenpeace Protest of BP Forces British Museum to Close
457,Tesco closes in on new chairman with Dixons Carphone's John Allan in the frame
458,Tesco closes in on new chairman with Dixons Carphone's John Allan in the frame
459,Lloyds Banking Group eyes return to dealmaking with MBNA bid
460,"Berkshire discloses unit's ties to Iran, opens probe"
461,Barclays Executive Harrison Denies Knowledge of Libor Fixing
462,"European stocks hover near 3-week low, Dialog and BHP slump"
463,"European stocks hover near 3-week low, Dialog and BHP slump"
464,Hargreaves Lansdown bucks weak markets to see assets rise 2.6 percent
465,AstraZeneca's Good Deal Turns Bad
466,MillerCoors Delivers 2.9% Underlying Net Income Growth for 2014
467,Australia clears AB Inbev's $100 billion SABMiller buyout plan
468,Australia clears AB Inbev's $100 billion SABMiller buyout plan
469,Former Barclays banker pleaded guilty to Libor-rigging offence
470,"Industry NewsG4S makes 'positive' start to year, no new impairments"
471,Rio Tinto announces long-delayed expansion of Mongolia mine
472,Old Mutual nears deal to sell US business
473,Norway's sovereign wealth fund says backed Shell CEO's pay
474,Goodwin not to face Scottish prosecution over RBS
475,Royal Mail turnaround proving expensive in tough UK market
476,TSB boss: Current account switching must be simpler
477,Warren Buffett's Berkshire Hathaway buys stake in Apple
478,Whitbread buys 49% stake in Pure food chain
479,Whitbread buys 49% stake in Pure food chain
480,Activist Fund TCI Backs German Takeover of London Stock Exchange
481,Rio Tinto Reaffirms Goal for Iron Ore Output
482,"Irish Said Chasing Standard Chartered, RBS as Brexit Vote Nears"
483,"Irish Said Chasing Standard Chartered, RBS as Brexit Vote Nears"
484,Britain's FTSE advances as Royal Mail rises
485,Royal Mail share price rallies amid positive broker comments
486,"Water utility Severn Trent ups savings forecast, FY profit falls"
487,Ofcom says will not impose new price controls on Royal Mail
488,United Utilities' full-year underlying operating profit falls 9 percent
489,Clydesdale Bank H1 profits weighed down by PPI charge
490,Intercontinental Exchange Opts Not to Bid for London Stock Exchange
491,InterContinental Hotels first-quarter global room revenue lags estimates
492,UK's FTSE climbs to record closing high as Standard Chartered surges
493,Britain's FTSE lifted by solid Kingfisher
494,"South Africa approves SABMiller, Coke bottling deal with conditions"
495,Standard Life chief agrees Â£600000 bonus cut
496,Sugar tax spurs Pepsi owner Britvic to change drinks recipes by 2020
497,Barclays raises 603 million pounds from African business share sale
498,"L&G fund arm, Nikko Asset Management sign bond fund distribution deal"
499,Wolseley says Nicholls won't join as finance chief
500,Aspen to Buy Anaesthetics From AstraZeneca for $520 Million
501,Aspen to Buy Anaesthetics From AstraZeneca for $520 Million
502,Fewer multi-buys hurt Sainsbury's market share
503,London Stock Exchange â€“ Deutsche Boerse merger under threat from Brexit
504,London Stock Exchange â€“ Deutsche Boerse merger under threat from Brexit
505,BP joins forces with Det Norske in Norway
506,BP joins forces with Det Norske in Norway
507,BP to pay investors $175m over Gulf spill claims
508,Intertain considers London listing
509,BRIEF-Legal & General's retirement business books 4 billion stg H1 sales
510,Antofagasta Sees Lower Cash Costs In 2015 - Quick Facts
511,Johnson Matthey revs up on clean air drive
512,Weir Group offloads two renewables units
513,"FTSE hits three-week low as financials, Tesco fall"
514,Shell to build large-scale chemical plant in the US
515,Lloyds planning to cut 640 jobs to cut costs - sources
516,Tullow Oil eyes lower earnings as output falls
517,RBS will reportedly appoint Howard Davies as its next chairman
518,Jim Armitage: Barclays boss Jes Staley steps up to the plate with post-Leave positivity
519,RBS and Barclays shares temporarily suspended amid heavily losses
520,RBS and Barclays shares temporarily suspended amid heavily losses
521,"Berkshire Bought Apple Stake at $99.49 a Share, Filing Shows"
522,AstraZeneca does US$770mln anaesthetic deal
523,ARM swings to profit in fourth quarter
524,Shareholder advisory groups back London Stock Exchange merger
525,Shares in easyJet fall to three-year low after Brexit profit warning
526,"Goldman Sachs, Barclays, HSBC downplay Brexit threat"
527,"Goldman Sachs, Barclays, HSBC downplay Brexit threat"
528,"Goldman Sachs, Barclays, HSBC downplay Brexit threat"
529,"Britain's FTSE hits three-week low as financials, Tesco fall"
530,Asahi could be about to snap up more of SABMiller's beers ahead of AB InBev sale
531,Asahi could be about to snap up more of SABMiller's beers ahead of AB InBev sale
532,Asahi could be about to snap up more of SABMiller's beers ahead of AB InBev sale
533,BP boosts FTSE towards four and a half month high
534,LSE-Deutsche BÃ¶rse dealmakers wrong to ignore Brexit risk
535,LSE-Deutsche BÃ¶rse dealmakers wrong to ignore Brexit risk
536,Oilfield services firm Petrofac's debt shoots up 50 per cent
537,Royal Mail and workers' union agree pay deal
538,WPP shareholders should oppose company on pay at AGM - PIRC
539,Google Fiber to buy Webpass for big city Internet service
540,Jim Armitage: Amazon is Primed to deliver pain to grocery's old guard
541,HSBC Hit by Fresh Details of Tax Evasion Claims
542,Standard Life and Old Mutual join CII push to professionalism
543,Tesco sales recover as focus returns to core business
544,Old Mutual faces backlash over Â£9m chief exec payout plan
545,"Ashtead to buy back shares, full-year profit beats estimates"
546,Shell to Go Ahead With Petrochemical Plant in Pennsylvania
547,Profits leap at Dixons Carphone - and it isn't worried about Brexit
548,Tesco Mobile Partners with Unlockd to Change the Way Consumers Use and Pay for Their Mobile Phones
549,Johnson Matthey profit falls but dividend rises
550,"Tesco says recovery on track, asks investors to be patient"
551,Barclays CEO Staley Says Brexit Slump Caused by Profit Fears
552,"Are ARM Holdings plc, Domino's Pizza Group plc and ASOS plc 3 must-have growth stocks?"
553,"Are ARM Holdings plc, Domino's Pizza Group plc and ASOS plc 3 must-have growth stocks?"
554,"Are ARM Holdings plc, Domino's Pizza Group plc and ASOS plc 3 must-have growth stocks?"
555,SSE cuts gas prices by 4.1% to become fifth of 'Big Six' providers to slash energy ...
556,"Miners help FTSE recover, Rio Tinto leads higher"
557,Priceline's stock jumps to new high for the year after Barclays upgrade
558,AstraZeneca sells rights to anaesthetics to South Africa's Aspen
559,"Tesco set to sell Kipa, Giraffe businesses - Sky News"
560,"Tesco set to sell Kipa, Giraffe businesses - Sky News"
561,"Tesco set to sell Kipa, Giraffe businesses - Sky News"
562,Relief for Lewis as Tesco sees sales grow for first time in a year
563,Former Schroders trader sentenced to 2 years in prison
564,The Coca-Cola Company and Coca-Cola FEMSA to Acquire AdeS Soy-Based Beverage Business From Unilever
565,The Coca-Cola Company and Coca-Cola FEMSA to Acquire AdeS Soy-Based Beverage Business From Unilever
566,The Coca-Cola Company and Coca-Cola FEMSA to Acquire AdeS Soy-Based Beverage Business From Unilever
567,HSBC Says Unit to Book $585 Million Charge on Settlement
568,"Hammerson, JV Partner secure ownership of Ireland's Dundrum - Quick Facts"
569,"Hammerson, JV Partner secure ownership of Ireland's Dundrum - Quick Facts"
570,Four ex-Barclays bankers sentenced for roles in Libor rate-rigging scandal
571,HSBC chief hit with tax-avoidance scandal
572,"CompaniesPound to boost ABF for now, but mixed impact ahead"
573,Britain's power supplies enough to meet winter demand - National Grid
574,Royal Bank of Scotland chair hints Brexit turmoil will delay government sale
575,Three former Barclays traders found guilty in Libor rigging trial
576,Aviva promises higher dividends to boost flagging share price
577,London stock exchange shareholders vote on merger deal under Brexit cloud
578,3 ex-Barclays traders convicted over Libor rigging
579,UK Serious Fraud Office Seeks Retrial of Two Former Barclays Libor Traders
580,CompaniesFresnillo shares jump 8% as silver price breaks $21
581,"Should you buy Associated British Foods plc, Great Portland Estates plc and Dunelm Group plc following today's news?"
582,"Should you buy Associated British Foods plc, Great Portland Estates plc and Dunelm Group plc following today's news?"
583,"Should you buy Associated British Foods plc, Great Portland Estates plc and Dunelm Group plc following today's news?"
584,Berkshire seeks to boost its Wells Fargo stake above 10 percent
585,Berkshire seeks to boost its Wells Fargo stake above 10 percent
586,CFTC fines Barclays $560000 for inaccurate swaps position reports
587,"UPDATE: British American Tobacco 2014 Profit Drops, Difficult 2015 Ahead"
588,BRIEF-Persimmon says too soon to judge effect of Brexit
589,Tesco share price tumbles after negative broker note
590,London Stock Exchange Shareholders Approve Merger With Deutsche BÃ¶rse
591,London Stock Exchange Shareholders Approve Merger With Deutsche BÃ¶rse
592,UPDATE 1-Berkshire applies to boost Wells Fargo stake above 10 pct
593,UPDATE 1-Berkshire applies to boost Wells Fargo stake above 10 pct
594,Ex-Barclays traders sentenced to up to six years' jail in Libor case
595,Standard Life shuts Â£2.9bn property fund after investors rush to withdraw money post-Brexit
596,Berkshire applies to boost Wells Fargo stake above 10 percent
597,Berkshire applies to boost Wells Fargo stake above 10 percent
598,"Aviva, M&G suspend property funds as investors panic"
599,"Aviva, M&G suspend property funds as investors panic"
600,Associated British Foods helps FTSE to rebound
601,UPDATE 2-Three former Barclays traders found guilty in Libor rigging trial
602,"UK housing market steadies after Brexit dip, Persimmon says"
603,BRIEF-Aviva aims to increase dividend pay-out ratio to 50 pct in 2017
604,Exclusive - Shell CEO warns Brexit could slow $30 billion asset sale plan
605,Morrisons finance chief to fill gap as CEO leaves early
606,Four former Barclays bankers jailed over Libor
607,Persimmon reports strong trading despite EU vote and planning delays
608,Fears Primark growth is starting to falter
609,Builder Persimmon hails 6% rise in house sales
610,Aviva suspends trading in Â£1.8bn UK property fund
611,MarketsMoneysupermarket slides 11% on Barclays Brexit warning
612,Oil giant BP reports loss of $4.4 billion in 4th quarter of 2014
613,Property Stocks Slump After Standard Life Freezes U.K. Fund
614,Easyjet in talks with EU governments about moving its headquarters out of the UK
615,Two former Barclays traders face retrial over Libor
616,MarketsProperty stocks under pressure after Standard Life fund move
617,EasyJet attracts more passengers in June but still lags Ryanair
618,EasyJet attracts more passengers in June but still lags Ryanair
619,"UPDATE: Persimmon Profit Up Strongly, Outlook Positive"
620,"Aviva plans to up pay-out ratio, says too soon to judge Brexit impact"
621,Weir leads FTSE lower after oil price profits warning
622,TRLPC - CRH backs Lafarge Holcim asset buy with 6.5 bln euro bridge loan
623,TRLPC - CRH backs Lafarge Holcim asset buy with 6.5 bln euro bridge loan
624,Tesco shareholders back ITV head for chairman
625,Tesco shareholders back ITV head for chairman
626,"Buffett's Berkshire builds Deere stake, dumps Exxon"
627,"Buffett's Berkshire builds Deere stake, dumps Exxon"
628,"Buffett's Berkshire builds Deere stake, dumps Exxon"
629,Aviva Fined $27 Million by U.K. Regulator Over Fee Failings
630,AstraZeneca's patent on asthma drug invalidated by US court
631,Whitbread share price climbs on Q4 sales growth
632,BP share price: Group loses bid to limit Clean Water Act fine
633,Warren Buffett defends Berkshire Hathaway's conglomerate structure
634,Aberdeen's shares slide as net outflows accelerate
635,AstraZeneca two-in-one drug succeeds in lung disease test
636,LONDON MIDDAY BRIEFING: Kingfisher's French Expansion Hits The Rocks
637,G4S sees profits rise but UK contract problems remain
638,Tesco takes fight to discounters with price cuts on brands
639,BP's fine for Gulf of Mexico spill capped by ruling
640,Legal & General eyes company deals as individual annuities wither
641,RBS job cuts draw attention to number that are still there
642,Britain's FTSE eyes 7th straight daily rise; Wolseley lags
643,UK's FTSE hits new record highs as CRH climbs
644,Halfords recruits Jill McDonald as CEO
645,Friends Life lifts profits 38% and hikes divi ahead of proposed Aviva takeover
646,Friends Life lifts profits 38% and hikes divi ahead of proposed Aviva takeover
647,Standard Chartered Shares Jump Most Since '12 After Upgrades
648,Profits Fall 25% At Standard Chartered PLC: Should You Buy Or Sell?
649,Auto Trader share price surges as company floats on LSE
650,New Credit Suisse boss faces stiff challenge in Asia
651,Glencore slashes 2015 capex budget as annual profits slip 2%
652,"UPDATE: EasyJet Passenger Numbers, Aer Lingus Traffic Up In February"
653,"UPDATE: EasyJet Passenger Numbers, Aer Lingus Traffic Up In February"
654,Is It Worth Investing In Tesco PLC And Prudential plc Now?
655,Is It Worth Investing In Tesco PLC And Prudential plc Now?
656,Insight hires Aviva's David Hillier for multi-asset team
657,Insight hires Aviva's David Hillier for multi-asset team
658,UK lawmakers warn Royal Mail against further price hikes
659,Earnings surge as fund manager Schroders reports a record year
660,"FDA panel backs Glaxo asthma drug for adults, not adolescents"
661,MarketsUS industrials lag as Barclays dims view
662,3 Reasons Why Lloyds Banking Group PLC Is Worthy Of A Place In Your ISA
663,UK WINNERS & LOSERS: Aviva And Friends Life Lead FTSE 100 Gainers
664,UK WINNERS & LOSERS: Aviva And Friends Life Lead FTSE 100 Gainers
665,Direct Line rings up higher profit
666,"Warren Buffett's Awesome Feat at Berkshire Hathaway, Revisited"
667,Barclays drags FTSE into red as compensation mounts
668,BP signs $12 billion energy deal in Egypt
669,"Glencore 2014 profit in line, takes $1.1 billion impairment charge on commodity ..."
670,Sainsbury's says to outperform rivals in tough market
671,"Glencore 2014 profit in line, takes $1.1 billion charge on commodity prices"
672,CompaniesKingfisher bid for Mr Bricolage runs into trouble
673,CompaniesKingfisher bid for Mr Bricolage runs into trouble
674,UPDATE 3-Auto Trader shares leap in UK's biggest private equity-backed listing
675,"London open: Taylor Wimpey and Ashtead drive markets higher, Barclays falls"
676,"London open: Taylor Wimpey and Ashtead drive markets higher, Barclays falls"
677,"London open: Taylor Wimpey and Ashtead drive markets higher, Barclays falls"
678,GSK and Novartis complete deals to reshape both drugmakers
679,GSK and Novartis complete deals to reshape both drugmakers
680,"StanChart capital raising would be major surprise"" -investor Aberdeen"""
681,"Aviva, Friends Life top forecasts ahead of 5.6 billion pound merger"
682,"Aviva, Friends Life top forecasts ahead of 5.6 billion pound merger"
683,Tesco turnaround gathers pace under new CEO
684,Citigroup to Sell OneMain to Springleaf for $4.25 Billion
685,Citigroup to Sell OneMain to Springleaf for $4.25 Billion
686,Citigroup to Sell OneMain to Springleaf for $4.25 Billion
687,"U.K. Stocks Resume Gains to Rally to Record; CRH, Tullow Climb"
688,"U.K. Stocks Resume Gains to Rally to Record; CRH, Tullow Climb"
689,British American Tobacco drops and sues PwC over pollution scandal
690,British American Tobacco drops and sues PwC over pollution scandal
691,"Intertek Hit By Pound Strength, Oil & Gas Slowdown; Still Ups Dividend"
692,UPDATE 1-BP signs $12 billion energy deal in Egypt
693,Australian mining slowdown hits Aggreko
694,UK's FTSE has worst day so far in 2015 as BG and Prudential fall
695,UK's FTSE has worst day so far in 2015 as BG and Prudential fall
696,"Kraft, Cadbury's and Britvic in Total Recall: how pulling a product affects profit"
697,"Kraft, Cadbury's and Britvic in Total Recall: how pulling a product affects profit"
698,"Kraft, Cadbury's and Britvic in Total Recall: how pulling a product affects profit"
699,Friday Papers: Sir Philip Green sells BHS for Â£1
700,RPT-UPDATE 2-Tesco turnaround gathers pace under new CEO
701,How Kraft-Heinz Merger Came Together in Speedy 10 Weeks
702,How Kraft-Heinz Merger Came Together in Speedy 10 Weeks
703,AstraZeneca Teams With Daiichi Sankyo To Sell Movantik In US
704,AstraZeneca Teams With Daiichi Sankyo To Sell Movantik In US
705,AstraZeneca Teams With Daiichi Sankyo To Sell Movantik In US
706,TOP NEWS: Barclays Profit Depressed By Foreign Exchange Provisions
707,CompaniesGlencore's annual results beat forecasts
708,Sainsbury's share price: Supermarket pushes ahead with Netto roll-out
709,RBI surprises Street; Sensex pares gains after hitting mount 30k
710,Credit Suisse poaches Prudential's Thiam for Asian push
711,UK to raise 9 billion pounds through Lloyds share sales
712,Kingfisher takeover of Mr Bricolage could hit a brick wall
713,Kingfisher takeover of Mr Bricolage could hit a brick wall
714,"U.K. Stocks Little Changed Near Record as Barclays, Shell Fall"
715,"U.K. Stocks Little Changed Near Record as Barclays, Shell Fall"
716,"3G Capital, Warren Buffett's Favorite Partner in Deals Worth Billions"
717,Insurers: Admiral blows hot and cold but Aviva soars pre-Friends Life merger
718,Insurers: Admiral blows hot and cold but Aviva soars pre-Friends Life merger
719,AstraZeneca And Daiichi Sankyo To Jointly Commercialise MOVANTIK In The US
720,AstraZeneca And Daiichi Sankyo To Jointly Commercialise MOVANTIK In The US
721,AstraZeneca And Daiichi Sankyo To Jointly Commercialise MOVANTIK In The US
722,Admiral Group posts decline in 2014 earnings
723,Legal & General arm buys 50 pct stake in MediaCityUK in Manchester
724,Legal & General arm buys 50 pct stake in MediaCityUK in Manchester
725,Randgold profit hit by poor gold price but dividend still increases
726,Britain's Tesco starts land sell-off process
727,Travis Perkins to create 4000 jobs
728,David Potts: There's trouble in store for the new boss of Morrisons
729,"CompaniesTravis Perkins lifts dividend, earnings rise 15%"
730,Market Report: Aviva tops the market as traders approve of its choice of Friends
731,Market Report: Aviva tops the market as traders approve of its choice of Friends
732,Standard Chartered considering move from UK
733,UK chip designer ARM hits a high after iPhone 6 boost
734,"Five years after BP oil spill, some Gulf oystermen are losing hope"
735,Primark racks up a happy Christmas after strong sales
736,Pearson lags as UK's FTSE slips off record high
737,"FDA panel backs safety updates for AstraZeneca, Takeda drugs"
738,"FDA panel backs safety updates for AstraZeneca, Takeda drugs"
739,Glaxo gets OK to expand marketing of inhaler drug
740,CompaniesDiageo stays neutral on India boardroom turmoil
741,Standard Life stands tall amid pension reform
742,UPDATE 2-AstraZeneca's diabetes drug Onglyza may increase death rate -FDA
743,Teva First-Quarter Net Rises 11% Amid Mylan Takeover Battle
744,UPDATE 1-Pearson expects to grow this year after solid end to 2014
745,Schroders posts profit growth
746,FDA: Data suggests AstraZeneca drug may increase death rate
747,Germanwings disaster will not affect image of budget air travel - easyJet
748,Germanwings disaster will not affect image of budget air travel - easyJet
749,"Homebuilders, Shire Gains Spur FTSE 100 to Rally Beyond Record"
750,Shell's $70 Billion BG Deal Meets Shareholder Skepticism
751,Shell's $70 Billion BG Deal Meets Shareholder Skepticism
752,5 Years After BP Spill: What's Changed in Offshore Drilling
753,Tesco sells Blinkbox and broadband service to TalkTalk
754,Tesco sells Blinkbox and broadband service to TalkTalk
755,Tesco sells Blinkbox and broadband service to TalkTalk
756,Tesco's boss knows which side his bread is buttered
757,Shell offers 50 percent premium to buy BG for $70 billion
758,Shell offers 50 percent premium to buy BG for $70 billion
759,Tesco's deals with suppliers reflected a retailer with the wrong priorities
760,Warning as RBS slumps to Â£446m loss
761,WPP boosts sales despite cautious clients
762,"UPDATE: AstraZeneca's Selumetinib Gets Orphan Drug Label, Good AZD9291 ..."
763,Foreign exchange probes push RBS to Â£446m loss
764,Pearson expects to return to growth this year
765,WPP's Sir Martin Sorrell is highest-paid FTSE 100 chief executive
766,GSK reveals strong trial results for shingles drug
767,Standard Life assets under administration up 5 pct to 312 bln pounds
768,Standard Chartered Misses Estimates in Sands's Last Results
769,Higher energy consumption fails to lift Centrica's Q1 results
770,Shell to buy BG Group in $69.7 billion takeover
771,Shell to buy BG Group in $69.7 billion takeover
772,LONDON MORNING BRIEFING: HSBC And Standard Chartered Shares Rise
773,LONDON MORNING BRIEFING: HSBC And Standard Chartered Shares Rise
774,Euro zone QE helps Standard Life first-quarter funds boost
775,BAE may sell part of US intelligence and security business
776,Shell Targets Gains From Brazil to LNG With Takeover of BG Group
777,Shell challenges Exxon dominance with 47 billion-pound bid for BG
778,Shell challenges Exxon dominance with 47 billion-pound bid for BG
779,Shell challenges Exxon dominance with 47 billion-pound bid for BG
780,REFILE-BP agrees UK gas pipeline stake sale to infrastructur
781,Royal Dutch Shell to Buy BG Group for Nearly $70 Billion
782,Royal Dutch Shell to Buy BG Group for Nearly $70 Billion
783,Struggling Morrisons pays out Â£3m to sacked boss Dalton Philips â€“ with more to ...
784,City spirits sink after Diageo comes up short with sales slide
785,Centrica prepared for takeover approach - chairman
786,FTSE 100 movers: BG Group leads the charge as resource stocks jump
787,EasyJet Passenger Numbers And Load Factor Improve In March
788,Centrica's shareholders protest over new chief's pay package
789,Diageo receives reports from United Spirits on financial irregularities involving ...
790,Diageo receives reports from United Spirits on financial irregularities involving ...
791,Unilever profit rises despite sales slump in China
792,Morrisons share price: Group trading director departs as management cull ...
793,Rolls-Royce Wins $9.2 Billion Order From Emirates Airline
794,Rolls-Royce Wins $9.2 Billion Order From Emirates Airline
795,Weir Group sees continued fall in orders from oil and gas business
796,Clydesdale Bank hit with record PPI fine for 'unacceptable' staff lies
797,Gabon Considering Back Tax Penalties Against Royal Dutch Shell
798,CompaniesOil slump forces Weir Group into more job cuts
799,AstraZeneca immune system drug wins orphan status in rare cancer
800,"Insight - Britain's bank tax jump threatens to push HSBC, StanChart to new home"
801,"Insight - Britain's bank tax jump threatens to push HSBC, StanChart to new home"
802,"GLOBAL MARKETS-Stocks gain on Royal Dutch Shell bid, oil slumps"
803,Tesco sales rise shows tentative recovery continues
804,Payout from BP oil spill settlement tops $5 billion
805,Diageo sales disappoint as currency and comparatives leave bitter taste
806,"FTSE 100 moves lower, but HSBC outperforms"
807,Here's my 10-point plan to make Tesco great again
808,Silicon Fen' champion brings exacting approach to Rolls-Royce
809,Tesco leads leap in FTSE 100; Marks & Spencer drops
810,Tesco leads leap in FTSE 100; Marks & Spencer drops
811,AstraZeneca profit down as sales of stalwarts fade
812,"Whitbread Profit Up As Sales Continue To Rise, Looking For New CEO"
813,Shire dry eye drug fast-tracked by FDA
814,Standard Life hit by 'unprecedented' number of calls on pension freedoms
815,WPP Q1 Revenue Rises Over 8% - Quick Facts
816,Fitch: Citi's 1Q'15 Reports Much Improved Results
817,"Persimmon makes strong start, but notes pre-election uncertainty"
818,Dave Lewis admits long road ahead for Tesco recovery
819,Glencore blames rivals for creating metals glut
820,Doubts grow over GlaxoSmithKline's $6 bln capital return plan
821,easyJet leads Britain's FTSE lower as global bond rout resumes
822,CompaniesSainsbury shares firm despite pre-tax loss
823,Imperial Tobacco Adds Quarterly Dividends After Profit Rose
824,EU membership vital for UK's energy market - National Grid CEO Steve Holliday
825,Royal Dutch Shell profit rises; dividend up 4%
826,BG Group Still Happy With Shell's $70 Billion Offer
827,BG Group Still Happy With Shell's $70 Billion Offer
828,SABMiller buys Meantime to quench thirst for craft beer
829,SABMiller buys Meantime to quench thirst for craft beer
830,Buffett's Berkshire delivers 9.8% profit growth
831,Severn Trent Profit Offsets Interest Rate Swap Losses
832,Aviva shuts Friends Life head office in rapid integration move
833,Aviva shuts Friends Life head office in rapid integration move
834,Aberdeen Asset Management profit rises
835,Retailers Kingfisher and Sports Direct rise in Britain's share index
836,Retailers Kingfisher and Sports Direct rise in Britain's share index
837,Deutsche Telekom to Spend $27 Billion on Network in Germany
838,Cost savings help Robinsons maker Britvic to first-half profit
839,"GlaxoSmithKline targets growth across units, scraps ViiV IPO"
840,Tesco share price closes higher as two more directors leave grocer
841,Tesco leads FTSE higher on Clubcard bid reports
842,ITV shares dip after update
843,Eli Lilly & Co. (LLY) Has Broken Out To A New High On AstraZeneca Collaboration
844,Eli Lilly & Co. (LLY) Has Broken Out To A New High On AstraZeneca Collaboration
845,"Warren Buffett's Berkshire adds to favorites IBM, Wells Fargo"
846,"Warren Buffett's Berkshire adds to favorites IBM, Wells Fargo"
847,Sports Direct Shares Tumble as Founder Ashley Sells Shares
848,Tesco names Deloitte as new auditor after accounting scandal
849,"RPT-Old Mutual Q1 gross sales beat forecasts, up 18 pct"
850,FTSE ends higher; 3i Group leads after strong earnings
851,Protesters gather in Seattle to block access to Shell oil rig
852,Land Securities warns of rent rises
853,"UPDATE 3-BP settles oil spill-related claims with Halliburton, Transocean"
854,"UPDATE 3-BP settles oil spill-related claims with Halliburton, Transocean"
855,GlaxoSmithKline share price slips as FDA okays asthma therapy only for adults
856,"Cost cuts, asset sales and writedowns in store for Tesco"
857,Glencore chief blames rivals' overproduction for share price fall
858,Rolls-Royce Holdings To Reduce 600 Employees In Its Marine Business
859,UPDATE 1-Rio Tinto to sell aluminium assets in $1 bln deal -paper
860,"Philip Morris, BAT Sue Over Law Taking Branding Off Packs"
861,"Philip Morris, BAT Sue Over Law Taking Branding Off Packs"
862,Shell's Arctic return faces hurdle at Seattle port
863,Tesco's boardroom clearout continues
864,Credit checker Experian reports fall in full-year profit
865,Hargreaves Lansdown share price falls as costs mount - although pensions ...
866,"SSE to Shut Coal-Fired Plant Amid Shift to Gas, Renewable Energy"
867,"PRESS: Serco Set To Appoint Roy Gardner, Ex-Centrica, As Chairman - FT"
868,"PRESS: Serco Set To Appoint Roy Gardner, Ex-Centrica, As Chairman - FT"
869,Barclays hit with record fine as six banks settle forex scandal
870,UPDATE 1-Seattle flotilla protests Shell's Arctic drilling plans
871,UPDATE 1-Cypress Semiconductor offers to buy Integrated Silicon Solution
872,UPDATE 1-Cypress Semiconductor offers to buy Integrated Silicon Solution
873,Land Securities share price: group reveals strong full-year results
874,Questor share tip: Mondi shares jump 10pc on strong start
875,"UPDATE 1-Nomura, RBS must pay $806 mln in mortgage bond case-US judge"
876,"UPDATE 1-Nomura, RBS must pay $806 mln in mortgage bond case-US judge"
877,Tesco to close remaining Homeplus stores in UK
878,IAG closes in on Aer Lingus with increased offer
879,"Britain's FTSE gains, Land Securities up after dividend hike"
880,Morrisons share price: Founder's son to assist CEO with turnaround
881,IMI posts drop in first-quarter organic revenue; warns on full year
882,"Britain's FTSE bounces back, Mondi and Barratt lead"
883,"Britain's FTSE bounces back, Mondi and Barratt lead"
884,"AstraZeneca digs into precision medicine with lung, heart deals"
885,Morning Agenda: Shire's Deal for NPS
886,Morning Agenda: Shire's Deal for NPS
887,Old Mutual First-Quarter Sales Up 18% Buoyed by Emerging Markets
888,Do it for me' trend underpins UK sales growth at Kingfisher
889,Mongolia and Rio Tinto agree $5bn Oyu Tolgoi mine expansion
890,"Aldi and Lidl expansion plans speed ahead as Tesco, Sainsbury's, Morrisons ..."
891,"Aldi and Lidl expansion plans speed ahead as Tesco, Sainsbury's, Morrisons ..."
892,"Centrica extends gas deals with Gazprom, Statoil"
893,"Centrica extends gas deals with Gazprom, Statoil"
894,"Centrica extends gas deals with Gazprom, Statoil"
895,AstraZeneca to invest $285 mln in Swedish plant
896,"Aberdeen AM posts H1 outflows, says conditions to remain challenging"
897,"UPDATE 2-Prudential will see strong first-half earnings, outgoing CEO says"
898,BP wins right to appeal some Gulf spill damages claims
899,Tesco set to put mobile unit for sale - FT
900,PRESS: Tesco Cuts 450 Jobs As Final Homeplus Stores Closed - Sky News
901,"Britain's FTSE lags euro zone peers, Bunzl results cap market"
902,Teva: FDA Approves Generic Version of AstraZeneca Heartburn Drug
903,Teva: FDA Approves Generic Version of AstraZeneca Heartburn Drug
904,CompaniesTesco sends supermarket shares to top of FTSE
905,Severn Trent share price jumps as Canadian investor renews pursuit of utility
906,AstraZeneca R&D boss Briggs Morrison leaves to head private drugmaker
907,New Morrisons duo get former boss's support to diffuse investor tension
908,Johnson Matthey sells research chemicals unit to Thermo Scientific
909,Johnson Matthey sells research chemicals unit to Thermo Scientific
910,Standard Life slips as Greek worries peg back Britain's FTSE
911,Morrisons escapes FTSE relegation
912,S&P downgrades Barclays and RBS on government bailout fears
913,S&P downgrades Barclays and RBS on government bailout fears
914,Gross Wins Back $272 Million Fund as Old Mutual Keeps Faith
915,Irish housebuilder Cairn Homes plans London listing
916,UK stocks fall as HSBC overhaul fails to impress
917,Smith & Nephew recalls hip-replacement components
918,Arm slammed by handset sales outlook
919,Worldpay readies for Â£6bn London float
920,UPDATE 1-UK to start selling remaining Royal Mail shares
921,CompaniesLSE adds ex-SEC head Schapiro to board
922,Sales boost for new Morrisons chief David Potts as Tesco turnaround stalls
923,Sales boost for new Morrisons chief David Potts as Tesco turnaround stalls
924,FTSE 100 flat; Standard Chartered leads risers
925,Keith Skeoch to step up as David Nish quits as chief executive of Standard Life
926,Passengers rise at EasyJet and Aer Lingus
927,Passengers rise at EasyJet and Aer Lingus
928,Dixons Carphone profit boost on strong sales
929,"FTSE rallies off three-month low, boosted by StanChart, Sainsbury"
930,"FTSE rallies off three-month low, boosted by StanChart, Sainsbury"
931,Johnson Matthey profit lifted by metals unit sale
932,Canadian Pension fund Borealis renews pursuit of Severn Trent : report
933,FTSE steadies around 2-month low Diageo shares surge
934,"Royal Mail, Johnson Matthey lead FTSE lower"
935,"Royal Mail, Johnson Matthey lead FTSE lower"
936,Aviva closes three offices as 1500 job cuts begin
937,The UK Government's Call To Sell Shares In Royal Bank Of Scotland Group plc ...
938,Sainsbury sales slip again as price pressures take a toll
939,Sophos aims to raise $100m in London IPO
940,UPDATE 3-Stifel to buy former Lehman brokerage from Barclays
941,UPDATE 3-Stifel to buy former Lehman brokerage from Barclays
942,Tesco made a bit of a crucial error in this promotion for Ramadan...
943,CompaniesRoyal Mail stake sale delivers Â£750m for taxpayer
944,Borealis Infrastructure putting together new Severn Trent bid
945,Borealis Infrastructure putting together new Severn Trent bid
946,"FTSE falls to 3-month low on Greek debt concerns, easyJet skids"
947,Johnson Matthey share price slumps as company posts full-year results
948,UPDATE: Barclays Expects Gain After Settling With Lehman Bros Trustee
949,UPDATE: Barclays Expects Gain After Settling With Lehman Bros Trustee
950,Tesco Abandons Video-Streaming Ambitions in Blinkbox Sale
951,Tesco Abandons Video-Streaming Ambitions in Blinkbox Sale
952,"Tesco is the worst big supermarket for treating suppliers fairly, according to ..."
953,Petrofac books further Â£30m cost for Shetland gas terminal delays
954,Petrofac share price rises despite Â£30m costs on North Sea project
955,Whitbread boss Andy Harrison defends sales fall as 'just a blip'
956,Barclays share price subdued as bank faces fresh forex probe
957,CompaniesActelion shares hit record on Shire takeover talk
958,CompaniesActelion shares hit record on Shire takeover talk
959,Britain cuts Lloyds Banking Group stake to below 17 pct
960,Lloyds Bank Is Said to Face Potential Fine Over Handling of Insurance Complaints
961,"FDA approves NPS drug, in move validating Shire takeover deal"
962,"FDA approves NPS drug, in move validating Shire takeover deal"
963,3p PPI payout for Lloyds customer
964,LSE gets Hong Kong regulatory nod to HK firms to become LSE members
965,Britain's FTSE recovers two-month low after Diageo shares rally on bid report
966,Pearson Forecasts Rising Earnings as Reorganization Pays Off
967,Petrofac's order backlog rises to 13 billion pounds
968,Diageo Shares Surge on Report of Possible Takeover by Lemann
969,Diageo Shares Surge on Report of Possible Takeover by Lemann
970,Cuadrilla and protesters await Lancashire fracking decision
971,RBS chairman admits surprise at size of regulatory penalties
972,ITV Acquires 'Poldark' Production Company Mammoth Screen
973,"Royal Mail needs to deliver on modernisation plans, post haste"
974,Aberdeen to raise 100 mln stg to seed new funds
975,Morrisons helps FTSE edge higher energy shares slip
976,London Stock Exchange Group appoints Royal Mail's Donald Brydon to replace ...
977,"FTSE ends lower on weaker miners, Tesco outperforms"
978,Lloyds sells Irish loan portfolio for Â£827m
979,MOVES-Ex-shadow minister McClymont joins Aberdeen Asset Management
980,Barclays to speed up cost-cuts after new mis-selling hit
981,Barclays share price: Investment bank to shrink further despite CEO exit
982,Barclays said to be cutting 150 investment bank jobs
983,Johnson Matthey raises prospect of investor payout
984,London Stock Exchange unit in talks to operate Plato venue
985,InterContinental Hotels Denies Reports of Starwood Merger Talks
986,InterContinental Hotels Denies Reports of Starwood Merger Talks
987,REFILE-Hikma and Barclays help Britain's FTSE to climb higher
988,REFILE-Hikma and Barclays help Britain's FTSE to climb higher
989,US walrus protections hit Shell's Arctic drilling plan
990,BP asks for lower fine in penalty phase of Gulf spill trial
991,Ocwen Reaches Settlement With California Regulator
992,FDA Approves AstraZeneca's Iressa As Lung Cancer Treatment
993,AstraZeneca suffers setback after drug fails to treat eye cancer
994,Arm buoyed by race to build the internet of things
995,Royal Mail Revenue Flat As Letters Weakness Offsets Parcels Strength
996,Royal Mail shares fall as Ofcom publishes discussion document
997,Pearson in Talks to Sell Its Stake in the Economist Group
998,BP agrees to $18.7B penalty for oil spill; the tricky science behind ...
999,New York says Barclays not cooperating in 'dark pool' probe
1000,"UK sells more of Lloyds bank stake, 12.5 billion pounds raised so far"
1001,British American Tobacco first-half sales hurt by currency moves
1002,Zurich Insurance Considering Offer for UK Rival RSA Insurance
1003,Zurich Insurance Considering Offer for UK Rival RSA Insurance
1004,Blueprint Receives FDA Nod To Proceed With Clinical Trials For 2 Drug ...
1005,Japan's Nikkei lands Financial Times in $1.3 billion deal
1006,Japan's Nikkei lands Financial Times in $1.3 billion deal
1007,Exclusive - Britain targets sale of half its RBS stake in two years: sources
1008,UPDATE 1-BG Group's record output limits oil price fallout
1009,"Ingenious, HSBC, UBS and Coutts sued by 'tax avoidance' clients"
1010,"Ingenious, HSBC, UBS and Coutts sued by 'tax avoidance' clients"
1011,"Ingenious, HSBC, UBS and Coutts sued by 'tax avoidance' clients"
1012,Persimmon sees post-election pick-up
1013,UPDATE 1-AstraZeneca sells rare cancer drug to Sanofi for up to $300 mln
1014,UPDATE 1-AstraZeneca sells rare cancer drug to Sanofi for up to $300 mln
1015,Sainsbury sells unit to LloydsPharmacy
1016,Sainsbury sells unit to LloydsPharmacy
1017,"Failure of leadership' behind Tesco troubles, says former CEO Leahy"
1018,"Barclays boss McFarlane seen speeding asset sales, cost cuts"
1019,CompaniesTullow says gas exports at key field disrupted
1020,BAE Systems's sales boosted by European Typhoon and currencies
1021,CompaniesShell sells stake in Showa Shell Sekiyu for $1.4bn
1022,"Royal Mail breached competition law"" over delivery service changes"
1023,How Big Was BP's $5.8 Billion Loss?
1024,CompaniesRBS pulls a surprise: a 27% jump in profits
1025,"AstraZeneca beats profit forecasts, helped by external deals"
1026,Britvic steps up overseas expansion with Brazilian acquisition
1027,Persimmon revenues lifted 12% by post-election confidence
1028,Understated approach of Jenkins failed to win Barclays board over
1029,IHG agrees $938 sale of InterContinental Hong Kong
1030,"Britain's FTSE steadies, supported by Dixons Carphone"
1031,PRESS: Pearson Set To Announce Sale Of Financial Times - Reuters
1032,Royal Mail is improving â€“ but it's no red-letter day
1033,Barclays 'bad bank' chief to step down
1034,Glaxo's ViiV Healthcare Signs China Manufacturing Deal With Desano
1035,Glaxo's ViiV Healthcare Signs China Manufacturing Deal With Desano
1036,Beach holiday demand helps lift clouds for easyJet
1037,AstraZeneca sells Caprelsa rights to Sanofi unit
1038,AstraZeneca sells Caprelsa rights to Sanofi unit
1039,CompaniesITV's audience numbers fall to lowest in 15 years
1040,Unilever Continues to Battle Soft Demand
1041,Can BP Restore Its Lost Luster?
1042,UPDATE 5-Barclays Chairman McFarlane axes CEO to speed up strategic change
1043,AstraZeneca heart drug boosted by major clinical trial success
1044,Dixons Carphone Profit Beats Forecast in First Year Since Merger
1045,Barclays Said to Cut 150 at Investment Bank as McCormick Departs
1046,Miners Meltdown as BHP to Rio Tinto Sink in Commodities Rout
1047,Miners Meltdown as BHP to Rio Tinto Sink in Commodities Rout
1048,BG Group ships first LNG From Queensland Curtis
1049,"GlaxoSmithKline beats profit forecasts despite Advair hit, lower margins"
1050,UPDATE 1-Shire takes Q2 earnings pain for long-term gain
1051,"FTSE led lower by M&S, GlaxoSmithKline"
1052,"FTSE led lower by M&S, GlaxoSmithKline"
1053,Morrisons faces festive sales test
1054,GKN to buy Fokker Technologies for 706 mln euros
1055,GKN to buy Fokker Technologies for 706 mln euros
1056,Diageo Sells Ryder Cup Venue Gleneagles Hotel to Ennismore Group
1057,Diageo Sells Ryder Cup Venue Gleneagles Hotel to Ennismore Group
1058,Diageo Sells Ryder Cup Venue Gleneagles Hotel to Ennismore Group
1059,"UPDATE: CIB, Legal & General Sell Egyptian Life Joint Venture To AXA"
1060,"UPDATE: CIB, Legal & General Sell Egyptian Life Joint Venture To AXA"
1061,"Intercontinental Hotels, Starwood held early deal talks - FT"
1062,Britain facing winter of blackouts as National Grid warns of tightest power ...
1063,Barclays denies deferred prosecution offer from SFO
1064,Chime Communications Set To Be Acquired By WPP And Providence
1065,Chime Communications Set To Be Acquired By WPP And Providence
1066,Unilever posts weaker-than-expected fourth quarter
1067,"CompaniesNew Aggreko CEO to reshape business, strip costs"
1068,UPDATE 1-Petrofac posts net loss hurt by Shetland Islands project costs
1069,AstraZeneca to Pay Inovio Up to $700 Million for Cancer Drug
1070,AstraZeneca to Pay Inovio Up to $700 Million for Cancer Drug
1071,Rio Tinto CEO says iron ore market at equilibrium
1072,US sanctions put Gazprom-Shell alliance plans in jeopardy
1073,US sanctions put Gazprom-Shell alliance plans in jeopardy
1074,Standard Chartered Not Raising Capital Yet As Dividend Cut
1075,UPDATE 1-RBS raising $3.1 billion through issue of CoCo bonds
1076,Tesco share price dips as Blinkbox Books closes ending supermarket's digital ...
1077,Tesco share price dips as Blinkbox Books closes ending supermarket's digital ...
1078,"UPDATE 1-BHP Billiton's credit ratings fragile in FY16, agencies warn"
1079,CRH adds CR Laurence to acquisitions tally for $1.3bn
1080,CRH adds CR Laurence to acquisitions tally for $1.3bn
1081,UK's Morrisons in talks to sell convenience stores - source
1082,US judge upholds gas market manipulation charge against BP
1083,Stakes High for AstraZeneca Heart Drug Facing Tough Competition
1084,Shire to buy NPS for $5.2 billion to boost rare disease drugs
1085,Shire to buy NPS for $5.2 billion to boost rare disease drugs
1086,"US STOCKS-Wall St rises on Berkshire deal, China stimulus hopes"
1087,Novartis buys remaining rights to GSK treatment in deal up to $1 billion
1088,Novartis buys remaining rights to GSK treatment in deal up to $1 billion
1089,"AstraZeneca bags another cancer drug deal, this time with Inovio"
1090,"AstraZeneca bags another cancer drug deal, this time with Inovio"
1091,REFILE-Aviva Investors to move 34 bln euros in assets from AXA fund arm
1092,REFILE-Aviva Investors to move 34 bln euros in assets from AXA fund arm
1093,PRESS: US High-Frequency Lawsuit Against Barclays Dismissed - Reuters
1094,UPDATE 2-Warren Buffett's Berkshire Hathaway nearing deal to buy Precision ...
1095,HSBC selling unprofitable Brazil unit to Bradesco for $5.2 billion
1096,"Glencore posts 3 pct fall in H1 copper output, cuts capex"
1097,"L&G still paying price for dividend cut during crisis, chief says"
1098,Royal Bank of Scotland fortunes ebbed and flowed under 3 chiefs
1099,Persimmon sells 17% more houses in 2014
1100,Tesco share price: Korean currency slide may hit Homeplus sale plans
1101,"UPDATE 2-Exchanges, Barclays win dismissal of US high-frequency trading case"
1102,Reluctant shareholder George Osborne loses patience with RBS
1103,BUZZ-BG Group: outperforms sector after record output
1104,Buffett's Company Reports 37 Percent Drop in 2Q Earnings
1105,Wolseley helps lift FTSE from losses
1106,US judge rules that BP spill smaller than feared
1107,Travis Perkins Hikes Dividend 20% As Profit And Revenue Rise
1108,UPDATE 2-BHP Billiton profit dives to 10-year low on commodities rout
1109,GSK hopes big clinical trial can breath new life into lung drug
1110,UPDATE 5-Buffett pays high price for Precision Castparts
1111,Shire Offers to Buy Baxalta for $30 Billion
1112,"Britain's FTSE led lower by ITV, William Hill"
1113,"Tesco, Asda sales fall as march of the discounters continues: Kantar"
1114,"Rio Tinto CEO Sam Walsh rejects fears over China growth, demand"
1115,Shell shells out over Nigeria oil spill
1116,2ND UPDATE: Standard Chartered Mulls Capital Raising As Profit Tumbles
1117,Shire proposes $30 bln all-share tie-up with Baxalta
1118,Shire proposes $30 bln all-share tie-up with Baxalta
1119,Centrica share price: British Gas under fire despite 5% price cut
1120,Glencore leads Britain's FTSE lower as China concerns weigh
1121,Dixons Carphone says cyber attack may have exposed customers' data
1122,"Tesco, Asda sales fall as march of the discounters continues-Kantar"
1123,Meggitt Acquires Cobham Advanced Composites Unit For USD200 Million
1124,"BHP, Glencore Head Tumbling Miners as Commodity Rout Deepens"
1125,Direct Line Raises 2015 Guidance On Combined Ratio Improvement
1126,Verizon and AT&T accused of hurting rivals
1127,Verizon and AT&T accused of hurting rivals
1128,"FTSE 100 falls as China devaluation hits Burberry, mining stocks"
1129,AstraZeneca's MedImmune Inks Licensing Deal With Omnis Pharmaceuticals
1130,AstraZeneca's MedImmune Inks Licensing Deal With Omnis Pharmaceuticals
1131,AstraZeneca's $727 million play to do away with chemotherapy
1132,Drugmaker Shire bids $30 bln for Baxter spin-off Baxalta
1133,"Nine banks including Barclays, Citi, agree to pay $2 billion to settle forex ..."
1134,"Nine banks including Barclays, Citi, agree to pay $2 billion to settle forex ..."
1135,Sunday Papers: Shire told to raise its offer by Baxalta investors
1136,Intertek profit up 16.1%; expects to meet forecast
1137,BP Judge Urged to Impose $11.7 Billion-Plus Spill Fine
1138,Fresnillo Production Surges But Profit Hit By Lower Prices
1139,UPDATE 1-Shire steps up drive to get Baxalta talking after $30 bln bid
1140,UPDATE: Aggreko Interim Profit Drops As It Undertakes Restructuring
1141,Bunzl blames weakness in United States for first-half revenue slowdown
1142,Even Superman Skeoch will struggle with his dual role at Standard Life
1143,FDA approves Shire's Vyvanse for binge-eating disorder
1144,Standard Chartered faces fresh claims of Iran sanctions violations
1145,U.K. Shares Extend Rebound for Second Day as EasyJet Surges
1146,CompaniesCar insurer Hastings Group driving Â£180m IPO
1147,Glencore Sells Shares to Raise $2.5 Billion and Reduce Debt
1148,"Valeant, AstraZeneca strike psoriasis drug deal"
1149,UPDATE 6-Royal Dutch Shell pulls plug on Arctic exploration
1150,Royal Dutch Shell pulls plug on Arctic exploration
1151,UPDATE 2-Tesco sells South Korean unit to MBK-led group for $6.1 bln
1152,UPDATE 1-Dairy Crest loses a third of Morrisons milk contract
1153,UPDATE 1-Dairy Crest loses a third of Morrisons milk contract
1154,RBS becomes a shadow of its former self
1155,Sale of Tesco's Clubcard business to WPP on the verge of collapse
1156,CompaniesShine comes off Kingfisher despite expansion plans
1157,Industry NewsAggreko buys Canada's ICS for Â£18m
1158,Whitbread to hike prices to offset 'substantial' national living wage bill
1159,Meggitt agrees to buy US aerospace component firm for $340 million
1160,MBK Partners closes in on $6bn Tesco Korea deal
1161,Glencore slumps 25 pct as debt fears grow
1162,Royal Dutch Shell Posts Rise in Earnings Despite Lower Oil Prices
1163,Old Mutual share price: CFO to leave company
1164,Horizonte acquires neighbouring Glencore nickel property in Brazil
1165,Horizonte acquires neighbouring Glencore nickel property in Brazil
1166,Standard Chartered share price: Aberdeen CEO would back potential capital increase
1167,Glencore shares rally after miner hits back
1168,Companies Thetrainline.com announces arrival of London IPO
1169,UPDATE 1-Engineering firm Smiths Group confirms CEO appointment
1170,Industry NewsMorrisons unveils which stores will close as 900 jobs face the axe
1171,MarketsWolseley shares wilt 8.8% after full year results
1172,Morrisons share price: CEO raises shareholding
1173,Profit slumps at troubled UK grocer Morrisons
1174,Glencore slumps 30 percent as debt fears grow
1175,EU regulators clear Shell's takeover of BG Group
1176,RPT-UK supermarkets braced for battle as Tesco comes out fighting
1177,G4S wins security services contracts in Iraq and Afghanistan
1178,"UPDATE 1-SABMiller leads S.African shares higher, rand firms"
1179,Aberdeen Asset Management Gains Foothold In China
1180,"Whitbread eyes savings, price rises to offset wage rises"
1181,ARM Holdings plc Partners With International Business Machines Corp. To Drive ...
1182,ARM Holdings plc Partners With International Business Machines Corp. To Drive ...
1183,"FTSE 100 drops 2.5 pct on Glencore, metals price fears"
1184,Persimmon shares nudge higher as housebuilder sees strong 2014
1185,"After Barclays and Bank of America, Citigroup has blockchain in sight"
1186,"After Barclays and Bank of America, Citigroup has blockchain in sight"
1187,"After Barclays and Bank of America, Citigroup has blockchain in sight"
1188,AB InBev approaches SABMiller to explore $250bn tie-up
1189,AB InBev approaches SABMiller to explore $250bn tie-up
1190,CompaniesAstraZeneca wins nod for 'blockbuster' hopeful
1191,"UK government sells more Lloyds shares, cuts stake to below 12 percent"
1192,Tesco Sale Is Asia's Biggest Private-Equity Deal
1193,Market Report: New Morrisons chief executive buys another Â£500000 worth of ...
1194,EU regulator backs approval for GSK injectable asthma drug
1195,Kingfisher set to open another 200 Screwfix stores
1196,"Britain's FTSE rises, led up by Glencore surge"
1197,BP Seeks to Get Back Some Gulf Oil Spill Business Payouts
1198,AstraZeneca wins US approval for longer use of blood thinner
1199,Morrisons warns of long road to recovery after profit plunge
1200,Tesco picks buyout firm MBK as preferred bidder for South Korea unit - sources
1201,Glencore fight back over debt fears lifts shares
1202,"News FeedFTSE 100 movers: Ashtead jumps on strong interims; Glencore, BP in ..."
1203,Industry NewsHammerson joint venture buys Dublin loan portfolio
1204,Brewer AB InBev seeks $275 bln tie-up with SABMiller
1205,Brewer AB InBev seeks $275 bln tie-up with SABMiller
1206,Tesco sells South Korean arm to private equity group for $6.1 billion
1207,AB InBev looks to win over SABMiller investors
1208,AB InBev looks to win over SABMiller investors
1209,UPDATE 1-EU regulator backs approval for GSK injectable asthma drug
1210,Glencore raises $2.5bn through share placing to help cut debt load
1211,Copper market may get a 2003-style supply shock from Glencore closures
1212,Tesco Said to Discuss Central and Eastern European Unit Sale
1213,Investor body in talks with Glencore on $2.5 bln placing - Sky News
1214,Breakingviews: IAG can pay more for Aer Lingus
1215,Breakingviews: IAG can pay more for Aer Lingus
1216,Glencore shares in record crash as profit fears grow
1217,TalkTalk hires BAE Systems to investigate cyber attack
1218,TalkTalk hires BAE Systems to investigate cyber attack
1219,AB InBev Holds Talks With Regulators About California Deals
1220,"RBS warns of higher misconduct charges, obstacles ahead"
1221,Glencore tells investors it is on track to reduce debt: Barclays
1222,Renewed AB InBev Bid for SABMiller Ups Stake in Beer Battle
1223,Renewed AB InBev Bid for SABMiller Ups Stake in Beer Battle
1224,"Glencore to sell copper mines in Australia, Chile"
1225,Tesco share price jumps as Q3 sales top estimates
1226,Copper Prices up on Glencore Cuts to Zinc Supply
1227,Aviva Investors admits redemptions 'too high' after Â£500m outflow
1228,AstraZeneca diabetes drug combination faces delay after FDA rebuff
1229,Industry NewsStandard Life enjoys strong inflows to lift assets under management
1230,CompaniesUK government lines up Â£2bn Lloyds retail share sale
1231,"METALS-Zinc soars 10 pct, fuelling metals surge after Glencore cuts output"
1232,"UK Stocks Little Changed as Ashtead Gains, Housing Shares Drop"
1233,Stars aligned' for AB InBev's megabrew merger plan
1234,Meggitt plc Crashes 20% On Profit Warning: Is It Now A Buy?
1235,UK government cuts stake in Lloyds to below 11 pct
1236,SABMiller revenue hit by weaker EM currencies
1237,UPDATE 5-SABMiller rejects AB InBev's $104 bln takeover approach
1238,UPDATE 5-SABMiller rejects AB InBev's $104 bln takeover approach
1239,CRH's concrete bid for Holcim Lafarge assets
1240,CRH's concrete bid for Holcim Lafarge assets
1241,Shire rises as dry eye treatment sails through trial
1242,"GlaxoSmithKline heart drug flops in study, shingles vaccine on track"
1243,Tesco says recovery plan working after profit collapse
1244,Sainsbury's and Glencore give FTSE a three-digit lift - London Report
1245,Sainsbury's and Glencore give FTSE a three-digit lift - London Report
1246,ABN Amro: Bank that brought down RBS poised for return to the market
1247,Market Report: Eight-day rally ends for FTSE 100 and Standard Chartered
1248,ITV backs Carl Frampton to revive the glory days
1249,Industry NewsWood Group wins multi-million dollar contract with BP
1250,REFILE-RPT-Beer mega merger faces jobs battle in SABMiller's birthplace
1251,GSK joins China trade push as UK trumpets healthcare deals
1252,AB InBev ups offer for SABMiller as deadline looms
1253,AB InBev ups offer for SABMiller as deadline looms
1254,"European shares fall on Chinese import data, SABMiller soars"
1255,Government to sell off remaining 14% stake in Royal Mail
1256,Tesco PLC's Recovery Continues With A Â£250m Cash Infusion
1257,Shell profit rises as company resist oil slump
1258,Tesco chief excutive Dave Lewis sees 'encouraging signs' despite profits tumble
1259,Climate qualms mean oil will never be used up - BP
1260,"METALS-Zinc surges 12 pct after Glencore cuts output, fuelling metals rally"
1261,HSBC to sell Bermuda trust and investment management business
1262,CompaniesUnilever sales lifted by ice cream in soft economy
1263,"UPDATE 3-Glencore resumes slide despite investor meeting, John Mack share purchase"
1264,Tesco share price: Grocer and peers to step up branded products cull
1265,Tesco share price: Brand Guarantee comes under fire
1266,Tesco store closures herald broader property overhaul
1267,"UPDATE 1-Glencore flags sale of some Australia, Chile assets"
1268,Hargreaves Lansdown says first-quarter assets hit by stock market flux
1269,Glencore director puts money back on the table
1270,Stars aligned' for AB InBev's megabrew merger plan
1271,AB InBev's Latest Bid Said Unlikely to Win SABMiller's Approval
1272,AB InBev's Latest Bid Said Unlikely to Win SABMiller's Approval
1273,Persimmon share price climbs on 23% rise in full-year revenue
1274,Diageo sells wine businesses for 320m pounds
1275,Britain's FTSE forges ahead as Shire surges
1276,Anheuser-Busch InBev Increases Offer for Rival SABMiller
1277,Anheuser-Busch InBev Increases Offer for Rival SABMiller
1278,Why I'd Buy ARM Holdings plc And BHP Billiton plc Today
1279,Why I'd Buy ARM Holdings plc And BHP Billiton plc Today
1280,Barclays PLC & Lloyds Banking Group PLC Are The 2 Banks I'd Buy Today
1281,Barclays PLC & Lloyds Banking Group PLC Are The 2 Banks I'd Buy Today
1282,Barclays shares dive as plan for ring-fencing costs extra Â£1 billion
1283,UK government cuts stake in Lloyds to below 11 percent
1284,EasyJet Dismisses Lufthansa Low-Cost Plan in Contest for Germany
1285,EasyJet Dismisses Lufthansa Low-Cost Plan in Contest for Germany
1286,CompaniesSmith & Nephew flops 6.8% to foot of FTSE 100
1287,UPDATE 3-SABMiller rejects 'informal' offer from AB InBev as too low - Bloomberg
1288,London Stock Exchange Group's quarterly revenue rises 12 percent
1289,Staley to face challenges at Barclays
1290,"Diageo, Heineken Exchange Emerging-Market Brewing Assets"
1291,Ruling sets lower limit on potential fine for BP
1292,Glencore shares enjoy bounce-back after Hong Kong-led surge
1293,BP cuts capex for third time this year to deal with weak oil
1294,"EXCLUSIVE-BP, China's CNPC to unveil oil alliance - sources"
1295,"EXCLUSIVE-BP, China's CNPC to unveil oil alliance - sources"
1296,Kinder Morgan and BP Form Joint Venture Limited Liability Company to Purchase ...
1297,Kinder Morgan and BP Form Joint Venture Limited Liability Company to Purchase ...
1298,Supreme Court Upholds $236 Million Jury Award Against ExxonMobil
1299,National Grid mulls sale of UK gas distribution business
1300,Former Aviva Investors analyst Mothahir Miah banned and fined Â£139000 by FCA ...
1301,Barclays faces another heavy forex fine
1302,Standard Chartered's Shares Plunge 7% After Fitch Downgrade
1303,Sharm el Sheikh: EasyJet axes all flights to Egypt's leading holiday resort
1304,AstraZeneca cancer drug may not be so fast getting to market
1305,"Falling oil prices hurt Hunting, Weir Group"
1306,Shell fined by Scottish court for 2011 North Sea oil spill
1307,Reed Elsevier share price slides on underwhelming full-year results
1308,WPP wins race for 'programmatic buying' agency Essence Digital
1309,WPP wins race for 'programmatic buying' agency Essence Digital
1310,BHP Billiton share price: Brazil to sue Samarco for Â£3.5bn
1311,BHP Billiton share price: Brazil to sue Samarco for Â£3.5bn
1312,G4S slides on balance sheet worries
1313,FDA approves AstraZeneca drug for advanced lung cancer
1314,CompaniesTullow Oil will cut expenditure further in 2016
1315,HSBC appoints business leaders to board
1316,InterContinental Hotels denies exploring sale or merger
1317,AstraZeneca lupus drug cuts disease activity in mid-stage trial
1318,AB InBev to sell Peroni and Grolsch
1319,Tesco boss urges rethink on minimum wage and business rates
1320,"HSBC shakes up board with two new business chiefs, three departures"
1321,British American Tobacco says would fight UK 'plain packaging' law
1322,Barclays poised to replace Sir Mike Rake as he heads for exit
1323,Secretive Barclays deal involved Qatari clients
1324,Shell and BG Shareholders to Vote on Deal at End of January
1325,Shell and BG Shareholders to Vote on Deal at End of January
1326,UPDATE 3-Barclays sells Italian branches to Mediobanca at a loss
1327,RBS turns away savers in latest glitch
1328,"CEOs of BPM, UBI meet Italy econ minister as M&A talk heats up"
1329,"CEOs of BPM, UBI meet Italy econ minister as M&A talk heats up"
1330,Sainsbury's pressed to raise bid for Home Retail Group
1331,Diageo share price: Group issues half-year update
1332,Valeant Names Interim Leader as CEO Remains Hospitalized
1333,Valeant Said to Name New CEO With Pearson Still Hospitalized
1334,Analyst Views: Astrazeneca shares have seen recent volatility; what will 2015 ...
1335,G4S suspends workers at UK youth centre over allegations of unnecessary force
1336,"Broker tips: RBS, Croda, Sage"
1337,"Broker tips: RBS, Croda, Sage"
1338,"Broker tips: RBS, Croda, Sage"
1339,Valeant's Pearson says timing of return uncertain
1340,"HSBC keeps headquarters in London, rejects move to Hong Kong"
1341,BAE Systems lines up oil executive Woodburn as next CEO - source
1342,ConAgra Names Former Hillshire Farms CEO Connolly to Top Post
1343,CompaniesTesco bumps up pay for store staff
1344,Merged LSE and Deutsche BÃ¶rse would be led by Germany's Kengeter
1345,Merged LSE and Deutsche BÃ¶rse would be led by Germany's Kengeter
1346,BG Group appoints new CEO one month early
1347,BT finance director Tony Chanmugam to step down
1348,CompaniesRoyal Mail adds a penny to stamp prices
1349,BAE Systems lines up oil exec Woodburn as next CEO -source
1350,"Valeant CEO Returns From Leave, Company Withdraws Guidance"
1351,GlaxoSmithKline starts hunt for successor to CEO Witty
1352,Next Barclays Investment Banking Chief May Signal Staley's Strategy
1353,New BG Group CEO Helge Lund Starts Earlier Than Expected
1354,Barclays poaches new chief operating officer Paul Compton from JP Morgan Chase
1355,Barclays poaches new chief operating officer Paul Compton from JP Morgan Chase
1356,Barclays appoints JPMorgan's Paul Compton as new COO
1357,Barclays appoints JPMorgan's Paul Compton as new COO
1358,U.S. Debt Lures Schroders as ECB Depresses Rates
1359,CompaniesThiam received Â£5m pay packet for final months at Prudential
1360,UK MORNING BRIEFING: Sky And Hargreaves Lansdown Bookend FTSE 100
1361,Sanofi poaches AstraZeneca scientist as new research head
1362,Sanofi poaches AstraZeneca scientist as new research head
1363,Intertek Group announces strategic update outlining its plan
1364,NYSE owner ICE may gatecrash Deutsche Boerse-LSE merger
1365,NYSE owner ICE may gatecrash Deutsche Boerse-LSE merger
1366,NYSE owner ICE may gatecrash Deutsche Boerse-LSE merger
1367,CompaniesSanofi poaches immunology expert from AstraZeneca
1368,RBS Pays $1.7 Billion to Scrap U.K. Treasury's Dividend Rights
1369,Clinigen chosen by AstraZeneca to manage access programme for next ...
1370,Sotheby's chairman takes his final sale
1371,"Barclays gives top bosses, including new chief executive Jes Staley, Â£8.7m in shares"
1372,CEO of Berkshire's Gen Re to retire; Jain's role grows
1373,Entertainment One dispels ITV takeover rumours
1374,"Shell, Chevron Await LNG's Return From `Pause Mode'"
1375,"Shell, Chevron Await LNG's Return From `Pause Mode'"
1376,Tesco share price steady as analysts weigh in on results
1377,BT share price: Watchdog bans telco's broadband adverts
1378,CompaniesRoyal Mail swerves new pricing regulations
1379,Barclays launches first 100% mortgages since crisis
1380,Berkshire Hathaway names Kara Raiguel to lead General Re unit
1381,Intercontinental Exchange Opts Not to Bid for London Stock Exchange
1382,Sainsbury CFO Rogers to Replace Home Retail CEO Walden
1383,Sainsbury CFO Rogers to Replace Home Retail CEO Walden
1384,CompaniesMorrisons CEO survives rebellion over pay
1385,Morrisons offers to rehire staff from under-threat My Local chain
1386,Exclusive: Barclays reins in foreign exchange trading before referendum result - sources
1387,EasyJet Seeks EU Operating Certificate as Brexit Workaround
1388,Barclays Libor verdicts provide much-needed victory for SFO
1389,Rolls-Royce to Ensure Compliance After Petrobras Bribery Report
1390,Rolls-Royce to Ensure Compliance After Petrobras Bribery Report
1391,BP slashes capital spending by 20%
1392,Sainsbury's share price: Grocer launches click-and-collect
1393,HSBC share price in focus as executives receive call to appear before MPs
1394,New management bring rights issue risk at Standard Charteredâ€
1395,SSE share price: Peterhead station to supply voltage support to National Grid
1396,Prudential shares halted in Hong Kong pending announcement
1397,Standard Chartered Will Close Equity Sales and Research Business
1398,Credit Suisse poaches Prudential's Thiam for Asian push
1399,Insurer Old Mutual picks Standard Bank's Hemphill as new CEO
1400,Insurer Old Mutual picks Standard Bank's Hemphill as new CEO
1401,PRESS: UK Government Would Oppose Any BP Takeover - FT
1402,UPDATE 1-UK government would oppose any takeover of BP -FT
1403,US says HSBC must do more to improve compliance
1404,Shell seeks to remove Greenpeace activists from oil rig
1405,UPDATE 1-BP shareholders back more disclosure on climate change risks
1406,Speed of Shell's swoop for BG unusual
1407,Speed of Shell's swoop for BG unusual
1408,Berkshire Shareholders Pepper Warren Buffett With Some Hard Questions
1409,"UPDATE 1-Norway's Statoil shakes up top management, replaces CFO"
1410,Berkshire holders hit Buffett with hard questions
1411,MillerCoors Board Names Gavin Hattersley Interim CEO
1412,Royal Mail hands chief executive Moya Greene a 13% rise in her pay package
1413,Carnival Corporation and China Merchants Group Sign Memo of Understanding ...
1414,Carnival Corporation and China Merchants Group Sign Memo of Understanding ...
1415,NPS prospects dependent on drug approval
1416,UPDATE 1-Britain to review Royal Mail regulation after rival exits market
1417,CompaniesHoward Davies appointment as RBS director delayed
1418,CompaniesDiageo moves CFO to lead North American business
1419,UPDATE 1-Britain raises $1.2 bln from Royal Mail stake sale
1420,LSE Group names former SEC head Schapiro non-executive director
1421,RSA Insurance Hires Towergate's Egan as Chief Financial Officer
1422,RSA Insurance Hires Towergate's Egan as Chief Financial Officer
1423,Barclays says has spent $150 million on US 'living will'
1424,Lloyds returns Â£13bn to UK taxpayer
1425,CompaniesShell sells stake in Showa Shell Sekiyu for $1.4bn
1426,AstraZeneca share price: Crohn's Disease drug divested for $215m
1427,PRESS: Pearson Set To Announce Sale Of Financial Times - Reuters
1428,Report: Financial Times up for sale
1429,Shire in talks with Baxalta shareholders
1430,Shire CEO steps up drive to get Baxalta board talking
1431,Shire CEO steps up drive to get Baxalta board talking
1432,Carnival Corporation Launches Shipboard Mobile Gaming Solution For Mid ...
1433,Bidders Abandon Auction Of Tesco Data Unit
1434,Glencore has a mogul in denial
1435,Imperial Tobacco launches caffeinated mouth strips
1436,PRESS: HSBC Chairman Hints Bank May Retain UK Domicile - Tel
1437,CompaniesAB InBev signals it won't go hostile for SABMiller
1438,CompaniesAB InBev signals it won't go hostile for SABMiller
1439,Mylan Appoints Ranjan Ray Chaudhuri as Global Commercial Lead for Mylan's Over ...
1440,Barclays set to name former JPMorgan banker Staley as new CEO
1441,US cancels Arctic offshore lease sale after Shell drops interest
1442,AB InBev offers SABMiller $3 billion breakup fee
1443,AB InBev offers SABMiller $3 billion breakup fee
1444,Barclays share price: Chairman 'perfectly comfortable' with ring-fencing rules
1445,AB InBev attacks SABMiller bid rebuffal
1446,AB InBev attacks SABMiller bid rebuffal
1447,JC Penney Cuts Pension Plan Obligation
1448,SAB's Chairman Digs In With Board Divided on InBev Offer
1449,SAB's Chairman Digs In With Board Divided on InBev Offer
1450,Legal & General group chairman John Stewart to retire in 2016
1451,UPDATE 1-Meggitt reiterates annual outlook after tough 2014
1452,"We'd support HSBC leaving London, says Standard Life"
1453,"We'd support HSBC leaving London, says Standard Life"
1454,BHP Billiton to Face Questions From Shareholders